0.0,0.0,0.7,0.0,0.0,0.0,1.0
3.006415529946884e-18,-4.933318071636154e-18,0.5412403215473022,2.0113078161756843e-17,1.0262818373344984e-17,-6.5976996725503444e-21,1.0
-1.5168320757827954e-17,-1.7101115030231063e-17,0.4699582593044361,4.110340998693996e-17,2.531801871259846e-17,4.926147647711423e-20,1.0
-2.6599088837378438e-17,-2.7737547846848714e-17,0.36178691886284414,6.053965265885782e-17,2.531801871259846e-17,4.926147647711375e-20,1.0
-3.426667181333799e-17,-3.6556437910201153e-17,0.2113023015949137,7.413397287390032e-17,2.531801871259846e-17,4.926147647711341e-20,1.0
-4.193383377532064e-17,-4.3636477501510346e-17,0.1436422642143366,8.995594639970995e-17,1.3222647937465927e-17,2.7772802012446785e-18,1.0
-4.984235773434181e-17,-4.3638404001005257e-17,0.14951204040446836,1.1643937574639469e-16,1.3222647937465927e-17,2.7772802012446785e-18,1.0
-5.84036945033161e-17,-4.363476916972171e-17,0.14981211475318262,1.4510519251409782e-16,1.3222647937465927e-17,2.7772802012446785e-18,1.0
-6.648470344840563e-17,-4.3686604070427697e-17,0.14982479910397747,1.721990284042408e-16,1.3222647937465927e-17,2.7772802012446785e-18,1.0
-7.452096999773e-17,-4.3640085922330336e-17,0.1498247100014785,1.9920550049867848e-16,1.3222647937465927e-17,2.7772802012446785e-18,1.0
-8.256097677167276e-17,-4.3340024807672754e-17,0.1498246994538513,2.260335541092259e-16,1.3222647937465927e-17,2.7772802012446785e-18,1.0
-9.062521478595532e-17,-4.3817038834581604e-17,0.14982470260213254,2.5296027358334867e-16,1.3222647937465927e-17,2.7772802012446785e-18,1.0
-9.866785313045213e-17,-4.385958010948744e-17,0.1498247025667386,2.7975688895334133e-16,1.3222647937465927e-17,2.7772802012446785e-18,1.0
-1.0670166695680941e-16,-4.3913117865177913e-17,0.14982470255056654,3.0660501488313033e-16,1.3222647937465927e-17,2.7772802012446785e-18,1.0
-1.147377664630242e-16,-4.396030459176627e-17,0.14982470255163946,3.33655854731784e-16,1.3222647937465927e-17,2.7772802012446785e-18,1.0
-1.2282509751118665e-16,-4.4004816934669706e-17,0.1498247025516761,3.6068080533333774e-16,1.3222647937465927e-17,2.7772802012446785e-18,1.0
-1.3091118982776543e-16,-4.4061134328104827e-17,0.1498247025516663,3.878358116991229e-16,1.3222647937465927e-17,2.7772802012446785e-18,1.0
-1.3899924745088542e-16,-4.407585987715971e-17,0.14980985016462647,4.1480824173292097e-16,1.3222647937465927e-17,2.7772802012446785e-18,1.0
-1.4708468543736806e-16,-4.409542041342768e-17,0.14982268818768513,4.416944707793366e-16,1.3222647937465927e-17,2.7772802012446785e-18,1.0
-1.55146624919899e-16,-4.4114150078893217e-17,0.14982491710930682,4.686696518892603e-16,1.3222647937465927e-17,2.7772802012446785e-18,1.0
-1.631984135358449e-16,-4.4150888453103823e-17,0.14982482543646286,4.956639024855612e-16,1.3222647937465927e-17,2.7772802012446785e-18,1.0
-1.6559459060530955e-16,-4.4217492232780624e-17,0.14982480425099973,5.034306645479702e-16,1.3222647937465927e-17,2.7772802012446785e-18,1.0
-1.6558603662026798e-16,-4.4262085715455374e-17,0.14982479114387998,5.037542969098659e-16,1.3222647937465927e-17,2.7772802012446785e-18,1.0
-1.6803662960524802e-16,-3.115870070692751e-17,0.14989743560478552,4.930653221620398e-16,1.0128076322267733e-17,2.7303773597921178e-18,1.0
-1.7077564692495635e-16,-3.409351632075199e-18,0.149957607402103,5.022612184758108e-16,9.11643648959758e-18,2.7354706698739332e-18,1.0
-8.965538923976085e-17,3.353051688870046e-16,0.154626449802805,5.162171167600168e-17,3.5020218057850346e-17,1.7280381400033724e-18,1.0
6.049475715023064e-17,3.271472234607004e-16,0.17226869766725456,1.6583139009402763e-17,2.1424665380365938e-17,1.4087045539814551e-18,1.0
6.7340013191009284e-18,3.192434931748403e-16,0.19494570541899475,-4.7491666675653294e-17,7.001404250068192e-18,1.7223825488661964e-18,1.0
-1.4226019649388111e-16,4.67568208332086e-16,0.21535506214754913,-4.371605294835792e-17,8.82517198119441e-18,1.7662679691524777e-18,1.0
-2.10002122256077e-16,5.692930194007773e-16,0.23372009304352576,-2.7113981804329544e-17,1.0640568267246656e-17,1.819659458534241e-18,1.0
-1.2484767905439036e-16,4.2337007354548653e-16,0.2522991834862186,2.3536535546715975e-18,3.218085481569197e-17,1.87963613618233e-18,1.0
-7.940761716576607e-19,3.035533640176582e-16,0.27158673304409153,-1.004066525504964e-17,2.887292757272321e-17,1.7795537612004755e-18,1.0
2.3225212919737156e-17,2.5331839512549435e-16,0.2910438394725941,7.422700985309106e-18,9.327975565540199e-18,1.7452571376180603e-18,1.0
-8.619318636495956e-17,2.703657708911633e-16,0.3104087017530278,1.3640912453425066e-17,5.760765655481677e-18,1.6785847816489426e-18,1.0
-7.46699216455996e-17,3.4719966759523633e-16,0.32977005032431805,-7.130540095690065e-18,2.2695536462151528e-17,1.5452592419078142e-18,1.0
-4.2743352223260303e-17,4.30219234460707e-16,0.3492077229363485,-1.2001182220408358e-17,2.140797416675238e-17,1.4730703716775371e-18,1.0
-1.9392345186799205e-17,4.778077811841452e-16,0.36870667457062695,-1.604420772453962e-18,2.01307009266612e-17,1.483488726244374e-18,1.0
-1.2497569014050645e-17,5.097767666357031e-16,0.3882402179318522,-1.1037898057383693e-17,1.6944309922687315e-17,1.5724324064227947e-18,1.0
-6.304925531103371e-17,4.767470701974539e-16,0.40780488024224903,1.1081643219937098e-17,1.6944309922687315e-17,1.5724324064227947e-18,1.0
-8.357471829430608e-17,4.911012811952611e-16,0.42740343180507856,-1.477106390162453e-17,2.0722982330566498e-17,1.606767740108497e-18,1.0
-3.220463504410929e-17,5.558317265981854e-16,0.44703415254246803,-8.722442120435772e-18,2.381789715845522e-17,1.636888773792549e-18,1.0
4.6050897884368865e-18,6.115612495299009e-16,0.4666938676327544,4.9866124980713046e-18,2.2495453051174663e-17,1.6075419265599781e-18,1.0
1.459264993351731e-17,6.771042888779092e-16,0.48638068904275883,-2.292492865028935e-17,8.08711548781217e-18,1.6585143904342755e-18,1.0
-1.815032765162294e-17,7.539743671470228e-16,0.5060934455589061,-1.395693306923732e-17,9.210574286187174e-18,1.6591656044165723e-18,1.0
-3.635616591694888e-17,8.430963203763822e-16,0.525277920191331,-3.884585064555295e-17,6.582967993500946e-18,1.6557871123664993e-18,1.0
-1.601326451063974e-17,8.473613445078977e-16,0.5319994047546762,-2.480893677700645e-17,7.95782340199907e-18,1.6507411895468075e-18,1.0
-2.8165995286367116e-18,8.114173735896288e-16,0.5288476612356267,-1.9930769010714028e-17,1.0305523324326435e-17,1.6476381094880944e-18,1.0
5.402044643715449e-17,8.300675179081062e-16,0.527473576911264,-2.1117426008929638e-17,3.00286317666368e-17,1.6929533128359971e-18,1.0
1.1119741024296015e-16,8.708097529337675e-16,0.5278980580826385,-2.084345297104694e-17,3.577808569374479e-17,1.7144796601979977e-18,1.0
1.0731281204588125e-16,8.999184094759894e-16,0.5279964885410294,-2.834738197988505e-17,3.022491853484258e-17,1.755763846411225e-18,1.0
1.2848560235046912e-16,9.254245697070278e-16,0.5277770612389834,-3.0995807337965734e-17,2.7912074150892015e-17,1.7654203612595065e-18,1.0
9.455556771640163e-17,9.776338642904904e-16,0.5276283056018302,-3.0315632255778884e-17,2.1239906829267197e-17,1.776199913742129e-18,1.0
9.772609135408185e-17,1.0182054736186774e-15,0.527545883964421,-3.6440138334844594e-17,3.2211159303532565e-17,1.8096609878153876e-18,1.0
1.2689885262838116e-16,1.0702180178647145e-15,0.5274580986121757,-3.723384110760076e-17,2.9132758369146066e-17,1.822488174017929e-18,1.0
9.665437216223259e-17,1.111170102849367e-15,0.5273656391863307,-3.7790535885567705e-17,1.5224090295307884e-17,1.7822544606749742e-18,1.0
5.416556196938175e-17,1.1794933708673058e-15,0.5272811665258628,-5.2640784437741464e-17,1.8164141265336148e-17,1.8150033850431704e-18,1.0
-5.157443778874813e-17,1.276283461410905e-15,0.5272040359700241,-4.509973017506257e-17,-4.812953355934759e-18,1.8421840168282877e-18,1.0
-5.3028755486368855e-17,1.3280073692541109e-15,0.52713150943394,-3.582339396259131e-17,9.543161028085583e-18,1.818225045148358e-18,1.0
-1.7498895092232002e-17,1.2695829740517098e-15,0.5270633270976754,-2.953617057867003e-17,-1.1325166203822913e-18,1.8310438681611623e-18,1.0
-1.1560658289502007e-16,1.2557917918109983e-15,0.5269996248490044,-3.277358115507323e-17,-1.6347253969459068e-17,1.8545393347774337e-18,1.0
-2.27974680031821e-16,1.2944884165653627e-15,0.5269401052494849,-3.346829769271092e-17,-1.8127816216876338e-17,1.809147709689972e-18,1.0
6.9572679277834814e-06,-5.606672840383897e-08,0.5268677055478554,2.3945142748824754e-08,3.3926549560407366e-06,1.2419273507251002e-08,0.9999999999942446
0.0039639834704431375,8.014061181131689e-05,0.5204864155650076,-4.0010168122854544e-05,0.000525563143565421,-5.246650507666082e-05,0.9999998597149073
0.019447527563560458,-5.5560206879914434e-05,0.5079940592296829,-1.654772606799571e-05,0.0008029261770341244,-0.00023804379243402867,0.999999649185379
0.044357851972889537,-0.0005864626253579211,0.5007141813326103,6.317089959996501e-07,0.0007586174519235285,-3.991885614890902e-05,0.9999997114527822
0.07107364865147464,-0.0007466258533104826,0.5041757506008367,-7.099928367182208e-06,3.208825688781562e-05,3.975180969547562e-05,0.999999998669864
0.09434282691799421,-0.00029989847410920957,0.5119283640554164,-1.1622754309058134e-05,-0.00046219056707266613,1.139182025844033e-05,0.999999893057503
0.11389080286857788,0.0004840972328038364,0.5176299095678197,1.2856499741610009e-05,-0.0005288985373067633,-1.4663746569959667e-05,0.9999998599430019
0.1322343923148184,0.0011141014206837718,0.5203029263125389,5.251937839871364e-05,-0.0004814264100989299,-3.079705552531526e-05,0.9999998822609277
0.15157810525034407,0.0012956021061906935,0.5220189208642229,9.313134891960432e-05,-0.0005151675069751836,-3.581174175535004e-05,0.9999998623232464
0.17231274729069831,0.0012130188687211193,0.5244088507445938,0.00010703168005364809,-0.0006668147265202258,-4.2575624178176266e-05,0.9999997710448026
0.1935457006129572,0.0012019065249684886,0.5276060450497569,0.00012662107230161946,-0.0008760449331136814,-4.6347577783830466e-05,0.9999996071820638
0.21431002410914793,0.0013642092572443186,0.5312849108730809,0.00015339397982928445,-0.000999166586664669,-4.311456705969597e-05,0.9999994881386459
0.23465080971173014,0.0015294240613822614,0.5361776491857425,0.000261954130578979,-0.0009484165306018578,-6.961142956140138e-05,0.9999995135200651
0.25619928947869686,0.0016146935914515008,0.5413443378143242,0.00016886244265386466,-0.0014377924863834461,-0.0001311485427774841,0.9999989435185922
0.2693366433338589,0.0028388093839265692,0.5409200550298332,0.0002625952477480668,-0.002044184815349024,7.130329402061987e-05,0.999997873631747
0.2697091938482543,0.004224378891797325,0.5366773837584268,0.0005161881450009146,-0.0023800583876922693,9.651729651669353e-05,0.9999970297737288
0.2640157185752709,0.004055753564360623,0.5340350063260145,0.0005930643251843817,-0.0021398980868122686,-2.7679539227905044e-05,0.9999975341693236
0.2595531144988312,0.0024832211269484967,0.5344846906292884,0.0005224179986183083,-0.0016743423958929678,-8.383909052849713e-05,0.9999984583128024
0.2582209402252455,-0.00026951167196682686,0.5452112866444818,0.000932476725814412,0.0029263677916401337,0.00017277352615186945,0.9999952684928126
0.2564764855509267,-0.004480430131587941,0.5565956429228478,0.0009129691116604846,0.0011924016656206316,0.00014466672847153478,0.9999988618679558
0.25811223898546026,-0.004181084285788592,0.5430403263414947,0.00022102085120334798,-0.0006307068904127628,-1.3245253635417003e-05,0.999999776591558
0.2624381127280755,-0.0017454727937042448,0.5324944613442819,0.0006685278912087926,-0.001104208031464734,5.516394073758552e-05,0.9999991653756628
0.26605033476279466,0.000690115126075615,0.5310903562374497,0.001085915293717537,-0.001317150517718955,8.638892820231307e-05,0.9999985392186544
0.2657537644424351,0.0017894918810570058,0.5349352075695878,0.0008931885406762216,-0.0023169299151501186,0.00022155136041259406,0.999996892477668
0.26294793749960804,0.0012942106553287239,0.5401413344305208,0.0014204083512799892,-0.0017079362155056033,-4.0213641845212656e-05,0.9999975318853859
0.2623859186286047,0.0006542995978814174,0.5412512024775266,0.00035755009216565585,0.0006781764934549101,-0.00023851750081624134,0.9999996776719366
0.26291196159985547,-0.00016284619914065657,0.5375344655462234,0.0006423033189474575,-0.0001301891255289974,4.036328206127827e-05,0.9999997844339986
0.26391569214533483,-0.001110983568736792,0.5305540589659983,0.001009918344241635,0.0005275318175337787,-8.30718642032285e-05,0.9999993474368795
0.26447678467574337,-0.0016451163027274686,0.5316489487863257,0.0012080793850762425,-0.0017441400226375341,1.6074397509691723e-05,0.9999977491281644
0.2589083703183271,-0.003619677303320783,0.5440333815091676,0.0031650512612516526,-0.006328289711723218,-0.0006410057400563431,0.9999747618372572
0.2548698019863754,-0.010902976155889282,0.5541637736025568,0.0008690574964430747,-0.0029232797746234804,-0.0004511954068950101,0.9999952477872739
0.2701238513138846,-0.02039536659982602,0.5347846911881531,-0.0012753277320470065,-0.0037257004971692144,0.000292757801205132,0.9999922034635327
0.3028456650388376,-0.03065597813963275,0.5094814086007935,-0.0036742238472101396,-0.005528480163942654,0.0013848331738425036,0.999977008847343
0.33762467093527126,-0.04183722763182044,0.4974529956970917,-0.004391985841390558,-0.005439663117221088,0.0018634258760449917,0.9999738237421739
0.37089552704716455,-0.05117680800582983,0.4972903854720351,-0.00438425303020434,-0.0048875005400089285,0.0019673647257167593,0.9999765097940425
0.4080328161196251,-0.05467371884287298,0.5021285452206116,-0.004045717614063391,-0.004239010633534239,0.0021010613684018047,0.9999806240617672
0.4506782314404063,-0.052610004511457635,0.5078599239864451,-0.00328547344601702,-0.004041991166453286,0.002311629350050186,0.9999837620388612
0.4958056091235275,-0.04879258669585362,0.5128305955327593,-0.0025262351741656176,-0.0042135705654854526,0.0024307332995562496,0.9999849776344446
0.5402211219147335,-0.0462153565427497,0.5166053263158346,-0.0019550841585750196,-0.004341075480892942,0.002450357944318237,0.9999856641250149
0.5827198574401583,-0.04544876916592946,0.5192603908252841,-0.001599320741151421,-0.004232169068720504,0.0024582641036253656,0.9999867438400062
0.6239399473059383,-0.04523927415792425,0.5223102114442658,-0.0015449508382461264,-0.0036849598937095,0.0024791495302399834,0.9999889439464302
0.665437381235096,-0.04517927445964972,0.52481531583691,-0.0010293010634395733,-0.0033563810995922362,0.0025097330657757894,0.9999906881992324
0.706240788854477,-0.04501518499719417,0.5262041475147116,-0.0004749350364488891,-0.004382078911811099,0.0026998104523068096,0.9999866413330947
0.7353192132666154,-0.043348361966955316,0.526941092592244,-0.001296097751287069,-0.005063404377951261,0.00194998925064575,0.9999844396832615
0.7418331674697978,-0.04073916754729113,0.5280803612257983,-0.001073810238482398,-0.00508512302493651,0.001768110553546327,0.999984931006694
0.7334467158831728,-0.03998085574546716,0.5286589294235988,-0.0005095744724150092,-0.004175447949788057,0.0019965078791432957,0.9999891599035281
0.7237787732577533,-0.04107471449263899,0.5290110827118597,-0.0004476170732662506,-0.002972642594539971,0.0021655122302829486,0.9999931367723185
0.7196838755272302,-0.04194826225488249,0.5281377625988348,-0.0008940113658429287,-0.0026231648571778394,0.002176950209575199,0.9999937902995172
0.7211887344779548,-0.04208207130473934,0.5271918359707704,-0.00100039324710725,-0.0024585894684501686,0.0021234921201973944,0.9999942226495073
0.724767195878086,-0.04182095324145986,0.5269470695181586,-0.0009565921615301557,-0.0024958780617971078,0.0020464940724914367,0.9999943336770204
0.7272200586589516,-0.04154134636986899,0.5271775416559003,-0.0009042740476917285,-0.002548568692745011,0.0019373063166865689,0.9999944669498422
0.72779723096214,-0.04132596953492179,0.5276225008504857,-0.0015375697898494206,-0.00244094618422657,0.0020265414233908772,0.9999937853760515
0.7235196730806922,-0.03797217963487303,0.5389254576709042,-0.00714919560789577,-0.005599240515067082,0.0011129179741369369,0.9999581485849283
0.7196551501573049,-0.0330981218265898,0.5560960509810287,-0.0035749773181239152,-0.0035875181813181784,0.0007998917303395034,0.9999868546254466
0.7369771560678247,-0.03003376752916864,0.5470327194124771,-0.0030348715625585225,-0.003885406807569152,0.0007535283133987717,0.9999875626044656
0.7758811703671373,-0.03022213328057409,0.5340047848838955,-0.0029090665394163745,-0.0028281328028028547,0.0012583775306166027,0.9999909777006541
0.8268873481425851,-0.033668805494666915,0.533580997008286,-0.0028658396851201193,-0.002165850028056693,0.0014941250903810128,0.9999924317947458
0.8788809924114448,-0.03825002380711123,0.5410126397750109,-0.003104896548354907,-0.00227967505282552,0.0015048418778780114,0.9999914490384404
0.926183874623271,-0.04126633268071692,0.5469346550796028,-0.003158634341940222,-0.002180329155449322,0.0014482221559502322,0.9999915858878279
0.9686272816687105,-0.041642508334888896,0.5477825348427228,-0.002918138104366036,-0.0016220117682679983,0.0014841972557412212,0.9999933253308912
1.0086424758165202,-0.04050350205980867,0.5461854558180427,-0.002563978914678312,-0.0007444547492793001,0.001587791857495566,0.999995175346496
1.0500486678699557,-0.0393951093812475,0.5469216854146933,-0.0019107843003244272,0.0008959801612983103,0.001700392485872484,0.9999963273874068
1.0946659690968685,-0.039828362894803813,0.5491114209477209,-0.0016168919105736769,0.0010038639722006447,0.001533900075763253,0.999997012529654
1.1380919868200372,-0.04074790037023572,0.5483048512047818,-0.0016331017230610141,0.0005669184326321695,0.0015591085837602238,0.9999972903776676
1.1800248837471383,-0.04146119698696698,0.5468104196864889,-0.0014137383029325396,0.0007175187017631653,0.0016023941709026389,0.9999974594186952
1.2205207277367258,-0.041481661663972845,0.546501158407519,-0.0015338277031606536,0.0001382996710691922,0.0016817537456137001,0.9999973999716787
1.2460041583839816,-0.039694387440883626,0.5443507245824033,-0.0013286474633733931,-0.0011039030842813625,0.0018257542962498493,0.9999968413525858
1.2481333264577044,-0.03743347553465635,0.5402944586334455,-0.000838546156090489,-0.0012196075187723544,0.0017899691714441258,0.9999973027004674
1.2441469237170464,-0.04032542199884722,0.5591769150449694,0.0011699011905036008,0.00665891209740875,0.0016235914846362794,0.9999758267936156
1.2613711301777568,-0.051064729201893554,0.6037477151738891,0.006141316158086487,0.01711924884697758,0.0009195148135925702,0.9998341712740519
1.2881969347792348,-0.060277966334273896,0.6204136668179054,0.011260421189163641,0.02169678947962879,0.0008590191101360053,0.9997008124069361
1.2983748572840077,-0.06412494424611928,0.5963027138166795,0.00882815515010787,0.016485028412388174,0.0010145140013137746,0.9998246237597015
1.2881783430562723,-0.06103289426227592,0.5623975979756177,0.00185343042943951,0.001942083516980119,0.00027043768166845,0.9999963599787328
1.2698623828120883,-0.06014998352741006,0.574036677024895,0.00074794150521515,0.0017700155963816604,-0.00012524021232895576,0.9999981459698719
1.2689782848789422,-0.06090252092700363,0.6135806459666218,-0.0002781063168031853,0.0016098602096618537,-0.001275233592397121,0.9999978523908275
1.300588697380271,-0.06410393100978011,0.6300102350960887,-0.0015946452995253208,0.0007116030497695124,-0.0021213258366655652,0.9999962253449577
1.3509417180843155,-0.06341995066965213,0.6322280682053538,-0.0017720818966347064,0.00032157600324673064,-0.002768563544758358,0.9999945456703879
1.403983372392628,-0.05925871902735321,0.6301283230952132,-0.0007849792778845881,0.0005727196412175557,-0.0030945817251134874,0.9999947396680108
1.4530702340283788,-0.055658237663207454,0.6289600808255842,0.00027773644441139765,0.0009943979712181944,-0.0030845130574084197,0.999994709893178
1.4961260625310704,-0.054022851705340914,0.6307367969548202,0.0005429665964603103,0.000959327345113653,-0.0030999329812708837,0.9999945876322691
1.535205653754647,-0.053471026376491405,0.6345586004250077,0.0003647781318575323,0.0010562399069342372,-0.00324051995607934,0.9999941251450367
1.5742483582143763,-0.05297784046662332,0.6383294876419614,0.00028153933159174086,0.0012819478491237245,-0.0033283607782807977,0.9999935996594408
1.6150172634335065,-0.05200208235050839,0.6412139843497926,0.0003231705248940819,0.0013701183311694187,-0.0033582420293598193,0.9999933702515446
1.6573238641559662,-0.05079078705529926,0.6441737807759624,0.0007498266942741338,0.0018685365832201038,-0.0034596283448406233,0.9999919886192488
1.7000477459748697,-0.04932312051911797,0.6481394440060406,0.0002734919542577173,0.0012885257713191609,-0.003572818155733637,0.9999927499106755
1.7424205031379678,-0.04729401255283688,0.65195384458441,0.00032662722195175224,0.0003026978227975198,-0.003370422781964594,0.9999942209527792
1.7839679633211714,-0.04578255265229293,0.6530473698336268,0.0004083340905481651,0.0005936223131834868,-0.00351752751908358,0.9999935539172099
1.8144354892944916,-0.04482454302183443,0.6520512013018737,4.1262446058836364e-05,-0.0014179762947641064,-0.0042338895048056975,0.9999900308604572
1.8183663359392008,-0.04459084891411611,0.6483114609794189,-4.448960507084879e-05,-0.002907255358207739,-0.004432263906009702,0.9999859503631159
1.8069917649368084,-0.044287850714224614,0.6466033311531391,-1.2143572335019317e-05,-0.0019168069822083486,-0.004293236206902418,0.9999889468521131
1.795708673609861,-0.043453013214083236,0.6484075399458411,0.00013990603678735718,-0.0006371791282621127,-0.004242976478589463,0.9999907857473794
1.7917741365321938,-0.04253345082876369,0.6504339322011786,0.0001995876899994337,9.659985062637901e-06,-0.004203084538418815,0.9999911470367134
1.7935181619895144,-0.04206223168864278,0.6503659387826004,0.0007301660308892259,0.0007692462918297424,-0.00406304028908884,0.9999911833717935
1.7885439052195031,-0.04916181300764738,0.669790938836304,0.010803384571965459,0.001362495151443451,-0.001942400588313843,0.9999388269132812
1.7762406853642738,-0.06181522736612847,0.7047527348386803,0.009556455424142034,0.0011189652168430888,-2.4993489205140287e-05,0.9999537096545493
1.7701936103875966,-0.0575470329516923,0.7229914645126299,0.005848695474116205,0.0011186062035786746,-0.00016777009048752248,0.9999822565098881
1.7893973059498747,-0.046006320445853795,0.7182766080240313,0.007530930579881441,0.0008873447741897795,-0.0003866838922042103,0.9999711736742308
1.830688023204094,-0.03817677106994078,0.7136393517603488,0.007652682581378118,0.0010903921743479026,-0.0001866417493306575,0.9999701058827071
1.881693961101871,-0.0382716735364331,0.7152915142694777,0.006525048790793557,0.0008616758980062687,1.5686122399673427e-05,0.9999783402688628
1.9314665328497709,-0.04336347455408048,0.719747111712517,0.005283228789011205,0.00027412637274316855,-8.075048798130153e-06,0.9999860060436295
1.9756789942138258,-0.04793454875674368,0.7222472528506583,0.004205892320870756,-6.479693474478228e-05,-7.379288974428326e-05,0.999991150373718
2.015569650642561,-0.048986898272548964,0.7221404288514697,0.00335756848852342,-5.4236107112472186e-05,-6.971963244076733e-05,0.9999943594498232
2.0543691947318274,-0.04718402908649891,0.7216282161825697,0.0026526118281804435,-2.2531559576804674e-05,-8.687449816428143e-05,0.9999964777916166
2.094189938406243,-0.04465982463800053,0.7225672886403751,0.001814983345605649,-0.0003818785088158895,-0.00010876474749400496,0.9999982740857553
2.1360917001841138,-0.04285397301113013,0.7240263586791349,0.001330656303293666,-6.0976422204192404e-05,-4.1852311095384694e-05,0.9999991119416363
2.1792133346934373,-0.042370348764363804,0.7242152317041409,0.0008844451677042359,0.00042146038420832875,-0.00011471175391750531,0.9999995134844342
2.2224580538755627,-0.04208438557208952,0.7249123226752289,5.601487523799087e-05,0.0008968585010025932,-0.000105170778283648,0.9999995907230511
2.2642876687776017,-0.04220104584397569,0.7259638595378771,4.9434794397760526e-05,0.000585500435268681,-0.00029732340275325273,0.999999783172094
2.290257194373975,-0.04077142865686426,0.7231061297979234,-0.00015663379710691632,-0.00039183720632310283,-0.0009001760373760454,0.9999995058061565
2.2918039372580705,-0.039505128899587766,0.7192012931869958,0.00011129997723602071,-0.0009285243824274839,-0.0007669603000895534,0.9999992686130748
2.280394808915008,-0.04061909881229827,0.7190518761636943,0.00017686432230693992,-0.0006263863822943733,-0.0006824184007815211,0.9999995553320201
2.269773276009686,-0.043478240387448824,0.723661758701605,-0.0011995168344236331,-0.002772039031314662,-0.0005274280386196579,0.99999529937827
2.2653154316722364,-0.04480493106026732,0.7305024359178055,-0.002289596668301772,-0.004511179772837606,-4.4735874026974356e-05,0.9999872024195384
2.266694165750494,-0.04465953160470639,0.7310553730708325,-0.002347351817716061,-0.004673379034157039,4.239854383052131e-05,0.9999863237415846
2.268783690536411,-0.04331003502603639,0.7282833957636076,-0.002532111435315546,-0.005275508360148642,-0.00015984182753451027,0.999982865790115
2.2691277327390638,-0.04205138217204363,0.7260248473914817,-0.00261659247542096,-0.005658474464838441,-0.0003747766739581475,0.9999804971363153
2.2681960775990695,-0.04180423387942449,0.7253521085973914,-0.0026606398545939466,-0.00573054157224119,-0.0003615797015193694,0.9999799753739926
2.2673442731305546,-0.04164689300369084,0.7296450072351571,-0.004812750667486884,-0.001998579721933028,-0.0005215614559978872,0.9999862854478334
2.270528397062757,-0.03871667431510033,0.734755239644504,-0.004934768903171885,0.0009626359353776124,-0.00034834666775061877,0.9999872999406182
2.292861243381137,-0.03887796882245006,0.7194841613060259,-0.00642832386947206,0.0019459001757355335,0.0007994423119619187,0.9999771252467363
2.3337989248783804,-0.043403872931568735,0.7082483229482825,-0.00716584127277598,0.0017762571693883205,0.0012600994043202292,0.9999719534961042
2.382623657608434,-0.046678435126868346,0.7110374790694348,-0.006483091321068276,0.0016080044117672788,0.0009651922568729802,0.9999772258669904
2.431457376407438,-0.04530378103004238,0.7188332728657613,-0.00567394385536113,0.0010129213423395917,0.0008882570360972077,0.9999829955308831
2.476536279117084,-0.041434505146475537,0.7230858774243364,-0.004886982062722582,0.0005066160750180681,0.001027736582534897,0.999987402172641
2.517902120622245,-0.03856950094208653,0.7229415848197963,-0.00415644504568408,0.0003093248698930183,0.0011690922913950548,0.9999906307090694
2.5577558940483183,-0.03802440130859168,0.7217117864696185,-0.0035872775874309063,0.00026527034006979563,0.0012581935052749396,0.99999273898377
2.597980191473452,-0.03873463151837612,0.7218935097010103,-0.003188729261397382,1.1717989205538105e-05,0.001307335121633143,0.9999940613539997
2.639218682324554,-0.038282592393508855,0.724774356215171,-0.0036195894706618848,-6.278616887431798e-05,0.001658168029653763,0.9999920725229509
2.682040595688184,-0.037442231314039176,0.7253450385961819,-0.0021288180169310956,0.00018818970433419845,0.002039110987306244,0.9999956373629174
2.725691866381772,-0.03787650892171742,0.7248128496635213,-0.0007623535436165651,0.00048241295444633115,0.00204829999630615,0.9999974952778341
2.769325284831405,-0.03865000948091789,0.7247633931533852,-0.0003764030935775178,0.00012576466044061856,0.0020712753416466294,0.9999977761587376
2.7978771391485067,-0.03970534553191666,0.7209295452332793,-0.0006466356510438278,-0.0017177236378166508,0.002061518226014262,0.9999961907079656
2.800258392876014,-0.040880929649964245,0.7161790445004536,-0.0011015753925970703,-0.002580347810605107,0.0019812123491055656,0.9999941015498331
2.7881714609773494,-0.04010385668628535,0.7161439419848608,-0.0010267414697648974,-0.002425255393634961,0.002388537353884172,0.9999936793937941
2.7764339429218317,-0.0374723131107398,0.7209501337749223,-0.0024112589866252267,-0.0018782658129102479,0.002786574349363653,0.9999914464389335
2.773503155636518,-0.03220628867418436,0.7326257480083771,-0.00826640279219351,-0.001025780870673672,0.0038173816887205492,0.9999580200966072
2.7758954883589726,-0.029043191822079262,0.7368166732333843,-0.008268742652381901,-0.0008380399970183899,0.003823557079188572,0.9999581521219643
2.7794947970245376,-0.029345772338189385,0.7346762759159583,-0.008947652974778706,-0.0006358693780462083,0.003417234966021121,0.9999539277794572
2.78186091034595,-0.030457610197348686,0.7319343734956235,-0.009704454488931962,-0.00030576615262857695,0.003052903815970651,0.9999482035827767
2.7850997245812685,-0.03167398390193442,0.7430504424331621,-0.0064785331567808494,0.006883417338093712,0.004151568271799226,0.9999467044071749
2.7934761247246183,-0.031250401056904326,0.7574547644267867,-0.0059538589171772805,0.009790003646188594,0.00510670457545069,0.9999213113845414
2.7974468947833904,-0.0314662688337579,0.7589368729889253,-0.005154795583795709,0.008377974419182501,0.0057657546384545615,0.9999349947374421
2.793866398074886,-0.035723373582316434,0.7547233229941037,-0.0016306495934978692,0.005893318070199815,0.008070732112436169,0.9999487352195585
2.8153937407956797,-0.03827213221904512,0.7440660757676837,-0.001963197784282128,0.006917936096630826,0.010374313621603863,0.9999203276419093
2.8609525013653108,-0.03790060900922396,0.7437793985259042,-0.001970003027797644,0.006543486656174539,0.010599491725989013,0.9999204731605419
2.914426473761161,-0.03681375604383786,0.7493750686793726,-0.0016852804957362365,0.0055214555989156,0.010093741701145895,0.9999323925827143
2.9625615554204177,-0.03607021384023487,0.7533018478967579,-0.0013932560076419854,0.004548906169741609,0.009952315746449728,0.9999391569998849
3.0027590777084914,-0.03559459640994444,0.7536400704838723,-0.001130853145807065,0.0038806128573897433,0.010267758498054374,0.9999391157217725
3.0395233135845228,-0.0351211576055884,0.7529759041263854,-0.0009369691318106309,0.0034370821257425346,0.01057575355419347,0.9999377290571989
3.0776450603566934,-0.03449833196349398,0.7535537011670201,-0.0008284995885015632,0.0028315936358104285,0.010705298587006872,0.9999383442233208
3.118253178623198,-0.033645305063672824,0.7551347003846657,-0.0005242450469175045,0.0023528897412076945,0.010719028430510993,0.9999396439318237
3.1605879554289786,-0.032776939511815234,0.7561894958634257,-0.000205201107972869,0.0017990103528461407,0.010751440085618761,0.999940562228746
3.202281209920003,-0.03104895891683382,0.7579749749022388,-0.0005256324245820016,0.0008309128652887355,0.010721264038699534,0.9999420422163363
3.2451955578732923,-0.02887582471262213,0.759587433606168,-0.00011332254744235232,0.001416641862910982,0.011094560790207639,0.9999374435456984
3.28167437493996,-0.02891825434451509,0.7617077575975217,0.001306976841185641,-0.0008407667714191383,0.011536291110839425,0.9999322471598663
3.291455413016633,-0.03185921318757136,0.7634933302833223,0.0021503462645900574,-0.002289672528428372,0.011949522410881387,0.9999236682491356
3.2815947070496,-0.03438326236781732,0.762105175753513,0.0013509011712855728,-0.0019676660298208783,0.01191914826895627,0.9999261159010514
3.272602506541355,-0.03545623558527651,0.7610271483042176,0.0008786214977716719,-0.0010559687343194883,0.011589826341810633,0.9999318921204899
3.2720140525764987,-0.03589457981550002,0.7612286140919722,0.0014522840739996062,-0.00078972614909552,0.011497068149741548,0.9999325400383459
3.274717755652928,-0.03551694031333912,0.7606351671597559,0.0011830615083760951,-0.0010971678479981426,0.011579758294133796,0.9999316505571922
3.2758084413392687,-0.03450735084486727,0.7592663774464604,0.0010006519618757158,-0.00141321445186403,0.011577624276217488,0.9999314777206907
3.274822767765109,-0.03395037982434631,0.7583592046586825,0.0010070403669475753,-0.0014588487501216215,0.01150937732663486,0.9999321936329375
3.2736125463392223,-0.034169846981116594,0.7588840996730122,0.00025330220719554177,-0.000128977067525871,0.011556520334856544,0.999933180787925
3.269779756726648,-0.028476027754398944,0.7742291783913378,-0.005822668885964897,3.0861843653609946e-05,0.009993603681296412,0.9999331094928564
3.260830735818847,-0.01427861020506115,0.7881025770689797,-0.007881799559605692,-0.0003260030019087753,0.0078044492358421225,0.9999384288694332
3.2582522759335766,-0.007358666157395295,0.7857393442467606,-0.007540232202108414,0.0002463265358939652,0.006369873849191869,0.9999512532762389
3.259851233539122,-0.007864253320357414,0.7816874527755983,-0.008367936612123391,8.5349607734445e-05,0.00557784614615116,0.9999494277135563
3.259769107228164,-0.010370905105479698,0.7807353702643455,-0.006524944027945743,3.554958263722613e-05,0.005411705588050224,0.9999640679965894
3.2669310527220237,-0.017472794196915675,0.7654851252665703,-0.0070976052993447164,0.002062269220470661,0.006073253346118872,0.9999542422723507
3.297193386505755,-0.024058436588433277,0.7492370874298035,-0.009693905072851762,0.0017412705545555606,0.006119764660482658,0.9999327700709657
3.343957567996945,-0.026262759554424624,0.7493201846228943,-0.009064612327964287,0.00148769803032014,0.005805385037493075,0.9999409567881901
3.39644604246378,-0.023893661320797104,0.7594262011322322,-0.007281832564999512,0.0008150621766625649,0.005378392410543511,0.9999586908883895
3.4462626841801964,-0.02029943004725696,0.7674411250311332,-0.005750064830130645,0.00016816396435806344,0.005149177538355322,0.9999701967788884
3.4900112418605405,-0.018637476321150707,0.7690308594377434,-0.004643340876765847,-0.0003504020393094233,0.005192268983294928,0.9999756781775829
3.5288070389169177,-0.019469634269967926,0.7677061584301096,-0.004010959800324196,-0.00033719627459011324,0.005269518678190254,0.9999780150948587
3.567514796024361,-0.02089983210093917,0.7662738996126512,-0.0036673104408928713,0.00030495754335129203,0.005377035580381007,0.9999787724363924
3.608335979479306,-0.02158467935476552,0.7667813216927805,-0.003055438433789646,0.0003791009743083645,0.005389917596148208,0.9999807344977877
3.6513664296199972,-0.021694118768575594,0.7682999220098942,-0.0020944675277833258,0.00026254859767603847,0.005519888132195955,0.9999825374020367
3.6951088953446503,-0.021902298518714305,0.7696588728591385,-0.0014758684174222998,0.0002876285771473573,0.005697825514071234,0.9999826367825727
3.7392001716993,-0.022331191294060946,0.7715680072761953,-0.0003195175202368984,0.0010203220484034847,0.005590279283702012,0.9999838026833247
3.7768023317151815,-0.024194457506258163,0.7706378239551653,0.00038100393205730166,-0.00038008955828832,0.005698888711302548,0.9999836163834825
3.789344319607579,-0.027769785679093887,0.7647022323068885,0.0001541450577103321,-0.0020226413252712985,0.005668004549253446,0.9999818792787194
3.781466782527418,-0.029033020422589723,0.7615593797150335,-0.00034022297047828475,-0.002157398749612025,0.006132953518400861,0.9999788081555055
3.768593419876019,-0.026507625175041072,0.7639991125033574,-0.0004353611532922411,-0.0014256636761609462,0.006444428882301369,0.9999781234007725
3.760146360676348,-0.023184789784338494,0.7683657892600037,0.00013867595670136773,-0.0013999800804632323,0.006319918242141398,0.9999790395094124
3.758477693379819,-0.021598054773420167,0.7696276156000706,8.934147641335729e-05,-0.0008210516949304542,0.006178369035209977,0.9999805726354288
3.7616528217663165,-0.022294801730971512,0.767382302926718,-7.210229450813276e-05,-0.0007739821479287134,0.006380934760464557,0.9999793394988099
3.7653689554697385,-0.02429100332865202,0.7645966367539556,-0.00018300196500452656,-0.0011903886952044796,0.006465618263563637,0.9999783723988757
3.7669914441334815,-0.025791899110312603,0.7632771350921056,-0.0003868457404588254,-0.0014132014922770566,0.006478180006638389,0.9999779429546017
3.7662362521053248,-0.02642852398262316,0.7658266724080237,0.0014491354515078418,0.0012380420059659736,0.006542343141141145,0.9999767822327971
3.764836434348389,-0.027886147819589136,0.7744121016373687,0.0026250906478170796,0.00299637218884284,0.00676472972272319,0.9999691840674767
3.762877726352916,-0.0277549537191416,0.7775119812026291,0.002146012217587296,0.002787727902132909,0.006534681918160974,0.9999724601892467
3.7616099297360157,-0.02627220846134765,0.7769297502032246,0.0023277768247669988,0.003136742912005476,0.00647583198315416,0.9999714025406342
3.76227384476511,-0.025864889840097962,0.775063850140355,0.002633879470583841,0.003337684305709299,0.006618657417007321,0.9999690574794835
3.763527460273386,-0.02628075128440127,0.774163373479347,0.0025818776973046856,0.0034132777268794383,0.006730693886704964,0.9999681900953243
3.758874094854024,-0.030145132833584085,0.7792345730470694,0.0051681585809275985,-0.0003937896604241062,0.006859562623410605,0.9999630400505816
3.7504582688344557,-0.03648747655102995,0.7867014591930924,0.005500439786534427,-0.0005890487678033464,0.006418751060737786,0.9999640982647954
3.752067044079687,-0.03545071092985635,0.785010798284216,0.00536137230492865,-0.0003307637004196529,0.006308001569637444,0.9999656771102602
3.756665836271352,-0.03312960632443874,0.7817051852379868,0.005831120209437042,-0.0003916454486211292,0.006720783764962081,0.9999603370716921
3.7585583402620797,-0.03309117436393143,0.7803656838389156,0.00604608832729877,-0.0004426179465223949,0.007053152677560629,0.9999567500360198
3.75751946943273,-0.03391658334499512,0.7803209554216236,0.005900407212214186,-0.00043181339960589494,0.0070998966828390315,0.999957294187612
3.759049766579157,-0.03340226396399255,0.7722005572404385,0.006402836881314862,0.0007285019163587407,0.0067895705002681385,0.9999561863888092
3.776126369350969,-0.029326254917256295,0.747881701578942,0.007729049135673197,0.002508229142401615,0.005770234404969063,0.9999503362572267
3.811426505534987,-0.02306036937815628,0.7344148423179213,0.009315960694927596,0.00222584360557086,0.0052088239206775425,0.999940561558505
3.858309157775385,-0.01981252813619813,0.7405588183103216,0.008260780012765655,0.001905102883801072,0.005573364473936276,0.9999485325280623
3.908634153820796,-0.020683637828412222,0.7528258707908333,0.006829843824419986,0.0011374798506181582,0.005945498312872777,0.9999583543441879
3.9562379655317623,-0.022968436253888582,0.7591365600491979,0.005667802643622597,0.00038811098722708377,0.0060001104581273645,0.9999658614460516
3.9988626939573537,-0.023947330886644046,0.7586489394770354,0.004704029388485039,9.573967077331475e-05,0.005889085151387875,0.9999715904052011
4.038200361971298,-0.022849481373618453,0.756680097457874,0.003936505850651886,0.00012189026375528127,0.005802287388254421,0.9999754109604475
4.077348968275956,-0.020465205744601412,0.756902452998497,0.003298422625478159,0.00016219415248495034,0.005809132242977406,0.999977673792682
4.1177519941850145,-0.018270031844071742,0.7595346585031394,0.0031907583655276022,-3.873374933179805e-05,0.005952850357617604,0.9999771903065445
4.15999655211845,-0.01682475782948585,0.7627962752239396,0.002174387886439594,-1.722326704903037e-05,0.005487189711086592,0.999982581093168
4.203825833031746,-0.014339527980651579,0.7654467355492675,0.00013709852245224588,-8.265765703495774e-05,0.005312884050195923,0.9999858737176126
4.2469861646303215,-0.011721374621710325,0.7657860090818055,-0.00028069680972478113,-0.0005155404589689713,0.005541095707798921,0.9999844757223455
4.275264044685914,-0.009476283256119171,0.7612090858490151,-0.0007018915584627114,-0.0011519528172738223,0.004661250996269086,0.9999882264767402
4.277997110145094,-0.0078088699838452045,0.7554977162256094,-0.0007689158002876168,-0.0016206592089069067,0.004154152385099306,0.9999897625726886
4.266693150677284,-0.008399252415859827,0.7551384120068896,-0.0004899661744773198,-0.0012246784993919621,0.004249335395191871,0.9999901015732207
4.256768215914404,-0.010048610256851517,0.7583222876740712,-0.0003332140048618967,-0.0005798345367181822,0.004526780033216676,0.9999895304566288
4.253967628307518,-0.011233613599301145,0.7611097138990817,0.0013289472119472332,-0.0005676216430051932,0.004733883892473576,0.9999877509491162
4.25522833356971,-0.014656771377173257,0.7674242880996168,0.004625018929201108,-0.0012394566809979073,0.0048404693008913995,0.9999768211333644
4.256579877544719,-0.016160906937542373,0.7693448294572031,0.004447297748320069,-0.0014530322999556718,0.005063153237897004,0.9999762370772436
4.257462377873856,-0.015399866935065523,0.7725649701231867,0.0030762892356854844,0.0021992150553537134,0.004960622709830775,0.9999805458707736
4.264444276051742,-0.015084224018169733,0.7710588993589973,0.0028674862190197457,0.00359899314822816,0.0050548169000783575,0.9999766365256788
4.286095464838066,-0.017425671990086346,0.7520264884309106,0.0022355613202478222,0.00476677749890482,0.004540009754571447,0.9999758339126442
4.323433258763863,-0.01933273091112032,0.7429556402533432,0.0016256190728646863,0.005133026790556574,0.004189180336212412,0.9999767298126038
4.371220448840866,-0.018898206030670946,0.7482143125922435,0.0017251263147618147,0.004221481423435238,0.003976575376822032,0.9999816947734907
4.421375869767762,-0.016452291469439217,0.7566021405294746,0.002204413321821848,0.0030317043799963587,0.003865316328065901,0.999985504225008
4.46788702442988,-0.013898998680746892,0.7601534299818858,0.002482713102377348,0.002156223572895842,0.003836159457691491,0.9999872352766159
4.509479934754563,-0.012611964062453558,0.7592992184391836,0.002467157641784374,0.0016263515485415686,0.003814477403357812,0.9999883588702178
4.54856213187397,-0.012408008451302488,0.7580227169943792,0.0022337953695686073,0.0012842640012970183,0.00376553148564992,0.9999895907442499
4.588050134990184,-0.012108927816021381,0.7584881702797078,0.0018295631097898371,0.0009001599509699939,0.0036671509632404116,0.9999911971686062
4.629387450857597,-0.010432246080423199,0.7609753722370122,0.0008861508467078376,0.00042697582166256493,0.003984062704776244,0.9999915798008944
4.671996981068974,-0.009112689879672021,0.7619835460499028,0.0018845777516751823,-0.00018558336809757492,0.0040484196289448755,0.9999900120621305
4.7144818485133255,-0.00897699915199944,0.7617368777129478,0.00241931542882795,-0.0011815806679649034,0.004051699411932789,0.9999881671859208
4.75643265870519,-0.009624673786427016,0.7620199807396769,0.0023818830485140678,-0.001169243426386479,0.0035251903477634744,0.9999902662206092
4.781921191540745,-0.011608945596166882,0.7584964958844391,0.0014894573876244408,-0.00279658080525373,0.00298284738946431,0.9999905315921457
4.781781678329272,-0.011818445840681315,0.7527027182656558,0.0009127938756617498,-0.0034883284989562025,0.002993178404401991,0.9999890195670474
4.7701034562822375,-0.010383903041225117,0.753158406462168,0.0012615122258339308,-0.0020560779076050245,0.0034774033114667938,0.9999910443582744
4.760718612863002,-0.00816069452500826,0.7588254676461973,-0.0002751783230157996,-0.002108500755037018,0.0036670801580149836,0.9999910154719254
4.756550167174312,-0.00048282932018267664,0.7728975814232447,-0.0068030947237448635,-0.002631492929249987,0.004342251464358294,0.9999639683505417
4.756877166449079,0.0071219627620242535,0.780950712766134,-0.006654656814768364,-0.001711763674254788,0.004561487153147212,0.9999659885429865
4.7621307970260744,0.006423243491613729,0.7741300296189272,-0.0017868500273139451,-0.0010576723835273832,0.004577210744920773,0.9999873687391782
4.768377111176248,-0.002627200827855412,0.761185624635457,0.001076578085150258,-0.0013011523253087566,0.0030180039319130016,0.9999940197993791
4.771773604189411,-0.010048734240680944,0.7556883589133497,-0.0005662284923860786,-0.0014709333870515599,0.002501234970701868,0.9999956297723942
4.766221860340652,-0.013444075042745536,0.7649565639489382,-0.0006992052475586026,-0.006974718492560016,0.00233758190668296,0.9999726996897462
4.760479519443744,-0.01110463085184653,0.7847782834767031,-0.0014552440272520336,-0.004596681836849841,0.0015646083884358392,0.9999871523082199
4.781566203549961,-0.008700311278536033,0.7821735227110062,-0.0007896378626120385,-0.0067305134469401095,0.0015800762086547679,0.9999757897169116
4.827678584288769,-0.008644437046270027,0.7785951740457011,-3.839856702152612e-05,-0.006062005558290138,0.0021370421834827824,0.9999793416190487
4.8837585585124605,-0.012321189181415724,0.782647938774101,-0.00035402684413957824,-0.00539681084864736,0.0024338524341225957,0.999982412575334
4.9355184927346585,-0.01804286414180461,0.7895064429128441,-0.0005013395121538172,-0.005559528775877981,0.0019752198302172125,0.999982469248889
4.980220943752662,-0.021688907047437866,0.7938152989014305,-0.0007850571800427886,-0.005050007259183135,0.002207154074383988,0.9999845046713459
5.021904651887809,-0.022419055881792205,0.7949609831957939,-0.0007781636140910458,-0.004256634937507501,0.002749099145805856,0.9999868589007979
5.063339190507267,-0.021379769126468485,0.7952125056054732,-0.0005808444186475579,-0.0034100370771010893,0.0028428736548837745,0.9999899761178995
5.1061055568811415,-0.020370105645646723,0.796321759856115,-0.00036852925930818444,-0.0026805835094909605,0.002872225436230003,0.9999922144593321
5.150081758558968,-0.02032569257620703,0.7982178285694833,-0.00020588127289042558,-0.002044618716975801,0.002962163841406809,0.9999935013451737
5.19412348710475,-0.02128330606655984,0.8003953091574164,0.0003358845208541305,-0.0014904955811449604,0.0031575851232842457,0.9999938476114238
5.237907564982468,-0.022621585301469488,0.802513621436045,0.0004363938560764567,-0.0009015196428006648,0.002858288328093361,0.9999954134947664
5.280333764533106,-0.022537992409401894,0.8035832997724371,-0.0004635491384360477,-0.0010528605067046811,0.002816350549548476,0.9999953723775584
5.307375650610058,-0.019040218499210865,0.8010914163192946,-0.000634925461416491,-0.0010675485489286902,0.0032680926415404542,0.9999938883714443
5.308936569428969,-0.01566126167262884,0.7960474613124937,0.00017935829365641577,-0.0018190240553984842,0.0033256667325037184,0.9999927994355122
5.296855516471317,-0.015925960081743153,0.794898274573735,2.8776400236013318e-05,-0.0015945183271935776,0.003174874631769218,0.9999936884072305
5.2869953553232065,-0.01860113635667814,0.798508656150575,-0.0003621532977501806,-0.000741897796226323,0.00309434017719257,0.9999948717326088
5.284324866436249,-0.021374853216219406,0.8011102683096201,-0.0003435909024908985,-0.0006811790520203159,0.0031387611415494253,0.9999947830458344
5.286587499762985,-0.02234134509659329,0.8007116898097602,-0.0003656183640040293,-0.0007230409140916695,0.003194709114655305,0.9999945686696109
5.28969564296482,-0.021426027748729738,0.7988702352843335,-0.00036370616917113564,-0.0008466436616620152,0.003254278816404779,0.9999942802745007
5.290937841194804,-0.02111702619462818,0.7996536784401378,0.002922279950523038,-0.0009731601178100297,0.0035172249426368134,0.9999890711242692
5.287067547030907,-0.029375921370601958,0.8114399305718265,0.008171224406270303,-0.0004893245239663634,0.0048906428521952984,0.9999545355993469
5.280212843256294,-0.03567561794995384,0.8214410996272768,0.005759263219054956,-0.0033031301160681937,0.005158022392169711,0.999964656887238
5.26559892792382,-0.035343965268154406,0.8297588710886463,0.003935570313903493,-0.0060637505149083275,0.005803884357194476,0.9999570276478711
5.278005891789896,-0.03611785815223948,0.8182708738116586,0.0031945741167145793,-0.004629747723045279,0.007369844627371554,0.9999570218376397
5.321345107523668,-0.03724990563109358,0.811439491177289,0.001875307425727778,-0.002683548398384073,0.0073183326368996045,0.9999678613822894
5.380064067681754,-0.03520651686480384,0.8173371721971626,0.0017244181522344125,-0.00304834519848998,0.006531806037494053,0.9999725343645567
5.43763774046196,-0.029853148347706644,0.827860100540043,0.002004786087051513,-0.00387342013855604,0.006285719682330095,0.9999707331603516
5.486367042249346,-0.024265108060689548,0.8339308548561291,0.0020341818095539815,-0.003871631494610026,0.0063627538288686825,0.9999701935246115
5.527230851308812,-0.02116499807512204,0.8343228757524016,0.0019099213928402187,-0.0033377271892711773,0.0064268798477489526,0.9999719531031385
5.565070824206919,-0.020841950207092754,0.834049578799819,0.0020377648511707056,-0.003116782736463291,0.006382896496050385,0.9999726955332859
5.60609806474862,-0.020877761644027205,0.8341883492376139,0.0011032250587408724,-0.0015347566868910874,0.0062093387803116495,0.9999789355422916
5.650776252323079,-0.019541177107059597,0.8348995943386924,0.0003651292800109124,-0.0007010541845728593,0.006313272331187912,0.999979758693201
5.6971083853340545,-0.017764782936712794,0.8372712762530578,0.0003555995700477121,0.00021009682992782888,0.006294891680428028,0.9999801016755286
5.741998162684145,-0.015484374842864194,0.8393888182008806,-0.0011455170026269633,-1.7842433521919114e-05,0.006140904028313141,0.9999804881947243
5.7841963023756815,-0.013365295252392191,0.8391424895608544,-0.0014442929663344122,0.000610785033874995,0.006271404318565118,0.9999791050053711
5.809294497382299,-0.014738737205233814,0.8336246152727422,-0.0005175393114140443,-0.0018067712031719198,0.005559453368178303,0.9999827799562986
5.80768446345748,-0.018590631300944786,0.8310505096439124,0.0005914838014641237,-0.003738713405050285,0.005621617299417323,0.9999770345302562
5.7940911023462585,-0.019783041548416855,0.8328246202460112,0.0011507360662959564,-0.004249778259959662,0.0057440517284636705,0.9999738101875406
5.784464173630983,-0.01919136228614249,0.8419540465107431,0.0032787048650255468,-0.005919365697465495,0.004810900163913303,0.9999655326278808
5.784378082934151,-0.017166433973195026,0.8461838255665598,0.0031005188931399158,-0.005384691307116099,0.004295292837314352,0.999971470763823
5.7884432597838655,-0.01647037626063163,0.8452623981335636,0.0032702606775920694,-0.005882771550348711,0.004219578744947634,0.9999684462767834
5.7909398046166825,-0.017884451801182283,0.8428864958299837,0.003526974087734528,-0.006426995125050308,0.004443397703630915,0.999963254527033
5.790840482854727,-0.019526906710648845,0.8416617428303962,0.0036371197207245146,-0.006547224729456291,0.004620232284107861,0.9999612785813848
5.7900491148248285,-0.019772695057400244,0.841805581000391,0.0034443731848047103,-0.006423097883978588,0.004823676841539533,0.9999618053949182
5.787567809380297,-0.016333885951490223,0.8502773565429333,-0.0019303745604670936,-0.006297849464465357,0.004254836353995929,0.9999692530842037
5.785040025368345,-0.012172849547561572,0.8568927635734263,-0.0023102376483053154,-0.005385424671898176,0.0037258151551485645,0.9999758888615976
5.784789101523075,-0.011880848530540942,0.8560794477222231,-0.0023963115804882707,-0.0053780212447250815,0.0034704705511892356,0.9999766449334976
5.7854499896216645,-0.013479767075877933,0.8541262092749371,-0.002725501647453192,-0.005735121599063769,0.0034836985123342214,0.9999737715888799
5.786780470706153,-0.015188918226402752,0.8554414147952486,-0.002269153834408012,-0.004819335618299811,0.0036312415165768277,0.9999792192991425
5.7867633658685556,-0.015121525056565787,0.8562392578965604,-0.002578342552473204,-0.005233485194472967,0.003689763300375108,0.9999761739307532
5.785310889672524,-0.013613091553027808,0.8541607741676098,-0.002798699975982365,-0.005775214004973638,0.003611529700600058,0.999972885149824
5.784647389663788,-0.012852088341742587,0.8530348318598565,-0.0028746073193297553,-0.006003532659298939,0.0035312657990129196,0.999971611792168
5.784917915849376,-0.013167962106997147,0.8530705155762618,-0.0029114485911850715,-0.0060131401468172035,0.0035126757751955413,0.999971512955031
5.78477810431412,-0.010192448309648994,0.8578753249330047,0.0008039017600178566,-0.0006202145390169266,0.002559797190926348,0.9999962082499243
5.798723578141073,0.002024119503888956,0.845011879056646,0.0028075044375802803,-0.003881671901919066,-0.002064929434203793,0.9999863932116833
5.826039750588556,0.02139314019131949,0.8250137603982034,0.002537050805287705,-0.010847676514675657,-0.0055052663318462085,0.999922788684237
5.861257987679403,0.03977590623786342,0.8132656525280338,0.002184979348695822,-0.014286359900653961,-0.007490455802134312,0.9998675006509165
5.899705696799248,0.05090651750766035,0.8106488145333137,0.001534389415930371,-0.016168375819088667,-0.008891315607994495,0.9998285721958793
5.936343862015256,0.05680736050226855,0.8094799664966836,8.717592626153968e-05,-0.018130585727454213,-0.01080086610196464,0.9997772829750552
5.967259782609921,0.06261416641700225,0.8059334332878093,-0.001298654713016865,-0.020167429745702195,-0.013089702829090073,0.999710081950379
5.993565070701635,0.07196865333699942,0.8015953026873676,-0.002570318349754031,-0.02217009047260467,-0.014517099392946934,0.9996455043550354
6.016657639843349,0.08687318870872421,0.7986566577988354,-0.0037896864817412723,-0.023346714064700912,-0.01479719052970829,0.9996107304201867
6.036776744137211,0.10776818769620981,0.7980484154130758,-0.004964590099924945,-0.023580459493883897,-0.013955953743533948,0.9996121978699068
6.053829974276591,0.1330943836827888,0.8001378998321035,-0.0063331889379615244,-0.02370453567418299,-0.0138255109170864,0.9996033418082537
6.065074330905313,0.15993361539287818,0.8028702921922855,-0.006938077030623555,-0.023816739769369544,-0.01289596829691421,0.9996090835899597
6.075364642058485,0.18413283797039626,0.8074598263925384,-0.006132788636931828,-0.022584031168520105,-0.010753634846253295,0.9996682998761676
6.084401209216606,0.2017507133438032,0.8115611482434747,-0.005849568622958269,-0.021230892905538822,-0.008429391444491745,0.9997219498906849
6.087068199736906,0.20720130388345834,0.8120218654707644,-0.005660842625767906,-0.019904245318174623,-0.008687056017251822,0.9997481237475936
6.0846197456405084,0.20213081443324743,0.8106136658572086,-0.00566139891341901,-0.019633209860556586,-0.009283824316588129,0.9997481163968118
6.080247625994536,0.19582943708225647,0.810091601250725,-0.005768099720376678,-0.019397476882632676,-0.009725226492493173,0.9997479116686732
6.077398996408226,0.19363695895675104,0.8108918092554477,-0.005864161318236411,-0.019146679354205363,-0.009975199046152908,0.9997497245239584
6.075914273798251,0.19565014692770047,0.8123659470793367,-0.006206846446426439,-0.019840341045189322,-0.010195436383142,0.9997319085641699
6.075285886777526,0.19934167596764146,0.8137603702009553,-0.006566787781792708,-0.01922784508945498,-0.010393683959121689,0.9997395353816927
6.07612098742795,0.2011979791228671,0.8131031627098503,-0.005952371873259399,-0.01860715175691013,-0.010206832003123138,0.9997570523647424
6.076932922037672,0.2002354879380775,0.8114833560089096,-0.005505080283686249,-0.018238163723983996,-0.010147400370003168,0.9997670197304871
6.076872267063466,0.19865406624391024,0.8110541073249744,-0.005444539602463729,-0.01797008930201065,-0.01028420407480035,0.9997708077482274
6.076089961511005,0.19810869956225224,0.81154043647163,-0.00544114288341824,-0.017844429597826367,-0.010378316915834613,0.9997721044490312
6.075012646987248,0.19863846733037813,0.8120082396615826,-0.0054263902878822975,-0.017785652104966555,-0.010375040790234767,0.9997732659939681
6.074364215537252,0.19945827274484662,0.8122604130302148,-0.005402675612282478,-0.017569149409863778,-0.01033345041330082,0.9997776532248547
6.0748119696366265,0.19938242121818447,0.8134513910509635,-0.004034797394042431,-0.01701804110084148,-0.010249870253093922,0.999794502308786
6.07346168315055,0.1968896660705984,0.8178069224231307,-0.0022633724160502364,-0.017110479863786606,-0.009567223153133478,0.9998052694726486
6.071978737121108,0.1967432530912697,0.8198503155319615,-0.0035118980148461554,-0.01584554028608614,-0.009783229202859617,0.9998204208015254
6.0717054691174335,0.19973272085917884,0.826574469088617,-0.004456686227612114,-0.013906758402712162,-0.010514065026202547,0.9998380841192347
6.0705176238773655,0.20287113846033236,0.8319774621977976,-0.004750240972329492,-0.013735639781875768,-0.011204176891127288,0.9998316027365206
6.068525853286484,0.2046801704254065,0.8329042930077588,-0.004968550979220004,-0.013896485139608998,-0.011589483158563126,0.9998239270401805
6.0674668819418,0.20484624823063144,0.832626788637982,-0.0049159470520255075,-0.013531530403548963,-0.011912812217028732,0.9998253927834603
0.0,0.0,0.7,0.0,0.0,0.0,1.0
3.006415529946884e-18,-4.933318071636154e-18,0.5412403215473022,2.0113078161756843e-17,1.0262818373344984e-17,-6.5976996725503444e-21,1.0
-1.5168320757827954e-17,-1.7101115030231063e-17,0.4699582593044361,4.110340998693996e-17,2.531801871259846e-17,4.926147647711423e-20,1.0
-2.6599088837378438e-17,-2.7737547846848714e-17,0.36178691886284414,6.053965265885782e-17,2.531801871259846e-17,4.926147647711375e-20,1.0
-3.426667181333799e-17,-3.6556437910201153e-17,0.2113023015949137,7.413397287390032e-17,2.531801871259846e-17,4.926147647711341e-20,1.0
-4.193383377532064e-17,-4.3636477501510346e-17,0.1436422642143366,8.995594639970995e-17,1.3222647937465927e-17,2.7772802012446785e-18,1.0
-4.984235773434181e-17,-4.3638404001005257e-17,0.14951204040446836,1.1643937574639469e-16,1.3222647937465927e-17,2.7772802012446785e-18,1.0
-5.84036945033161e-17,-4.363476916972171e-17,0.14981211475318262,1.4510519251409782e-16,1.3222647937465927e-17,2.7772802012446785e-18,1.0
-6.648470344840563e-17,-4.3686604070427697e-17,0.14982479910397747,1.721990284042408e-16,1.3222647937465927e-17,2.7772802012446785e-18,1.0
-7.452096999773e-17,-4.3640085922330336e-17,0.1498247100014785,1.9920550049867848e-16,1.3222647937465927e-17,2.7772802012446785e-18,1.0
-8.256097677167276e-17,-4.3340024807672754e-17,0.1498246994538513,2.260335541092259e-16,1.3222647937465927e-17,2.7772802012446785e-18,1.0
-9.062521478595532e-17,-4.3817038834581604e-17,0.14982470260213254,2.5296027358334867e-16,1.3222647937465927e-17,2.7772802012446785e-18,1.0
-9.866785313045213e-17,-4.385958010948744e-17,0.1498247025667386,2.7975688895334133e-16,1.3222647937465927e-17,2.7772802012446785e-18,1.0
-1.0673904133954246e-16,-4.390392000027118e-17,0.1498101452382936,3.06589188382627e-16,1.3222647937465927e-17,2.7772802012446785e-18,1.0
-1.1487038697820856e-16,-4.396027689000299e-17,0.14982064519110505,3.336198683155863e-16,1.3222647937465927e-17,2.7772802012446785e-18,1.0
-1.2293659920050565e-16,-4.397454379706905e-17,0.14982487854482776,3.6064744826589255e-16,1.3222647937465927e-17,2.7772802012446785e-18,1.0
-1.3104892444297607e-16,-4.401301582367057e-17,0.1498248396132713,3.877371061952368e-16,1.3222647937465927e-17,2.7772802012446785e-18,1.0
-1.3915312899062228e-16,-4.402308394223116e-17,0.1498248069958416,4.146284770827571e-16,1.3222647937465927e-17,2.7772802012446785e-18,1.0
-1.4721625218422917e-16,-4.401559230759547e-17,0.14982479426532122,4.4151115214955425e-16,1.3222647937465927e-17,2.7772802012446785e-18,1.0
-1.5474743279586149e-16,-3.5967615323174853e-17,0.14988247160045196,4.4149886191016647e-16,6.89826117856035e-18,2.6760483596438718e-18,1.0
-1.5944742561654544e-16,-1.4982058024621703e-17,0.1499391914374184,4.661627583247262e-16,6.176282017346899e-18,2.680406307543108e-18,1.0
-1.920058395917138e-16,2.963553170247006e-16,0.15242856141415054,4.098567529065828e-17,-7.901535009004963e-18,2.2998627836180456e-18,1.0
-2.707196344139222e-16,4.775329994089512e-16,0.16745872152925506,-1.932945405378283e-18,-3.2415781318810155e-17,1.7378477730988163e-18,1.0
-3.4857201788099905e-16,3.127619283415141e-16,0.18991683499478834,1.8080628205700372e-17,-2.4015069979491056e-17,1.70515446404106e-18,1.0
-3.3529339349030315e-16,2.236386398357204e-16,0.21102973485422957,-1.6693630182770887e-17,-2.640748048325441e-17,1.6227027108343906e-18,1.0
-2.9609246905236476e-16,2.683558328944722e-16,0.2296290103307718,-1.3382113055185617e-17,-2.0663526658339592e-17,1.663496143280626e-18,1.0
-3.4072583197926525e-16,2.5818755344864306e-16,0.24804537107030397,-4.690354959681833e-19,-2.204911625873155e-17,1.7295882866386357e-18,1.0
-3.895494293202677e-16,2.362961653128458e-16,0.26721238729225155,6.30495525464649e-18,-2.7097781596875382e-17,1.6787508189654777e-18,1.0
-4.0109860426434905e-16,2.3670098442535156e-16,0.28667299543292596,3.915137433244946e-18,-1.6896052604533678e-17,1.6943930593987028e-18,1.0
-3.337217812061419e-16,2.881687648324723e-16,0.30605687992593006,3.039773471568893e-18,-1.4083537109922137e-17,1.7190008045519197e-18,1.0
-3.092026283399129e-16,3.394974995787721e-16,0.3254080063355127,-5.075980796880005e-18,-2.3807857086166638e-17,1.7098162509385237e-18,1.0
-3.365389527166345e-16,3.5566264884382836e-16,0.3448275961595808,9.249919062834878e-18,-3.08080180866921e-17,1.695635074782876e-18,1.0
-3.7253836922760827e-16,3.859256541602911e-16,0.364315845646505,-4.875219620203883e-18,-2.9189268915073694e-17,1.6954947213809116e-18,1.0
-3.9331194058589983e-16,4.4418069576917885e-16,0.3838425872473401,2.6248294539535776e-18,-2.870633157209851e-17,1.6651629986962873e-18,1.0
-3.944822441451632e-16,4.2795198556252495e-16,0.40339991161293737,7.375086466967024e-18,-2.6526528289384684e-17,1.6761036846345407e-18,1.0
-4.122154476097113e-16,3.7064971583774294e-16,0.4229908323128641,1.7824199381821965e-17,-2.859114237627552e-17,1.692023056867488e-18,1.0
-4.0273806959552855e-16,3.4361468369241796e-16,0.44261461585858236,2.2933224711335847e-17,-2.0135739142835116e-17,1.7060430944226866e-18,1.0
-3.6319315281449164e-16,3.9112118635934176e-16,0.46226802098114156,9.63294925839525e-18,-1.9393844560655546e-17,1.6857604398741871e-18,1.0
-3.7237417782027054e-16,4.556180460381899e-16,0.48194885323107234,1.2483458847651618e-17,-1.93526323736581e-17,1.7003430656306865e-18,1.0
-3.918200038430539e-16,4.541404506488653e-16,0.5016558729571331,6.203992078250709e-18,-1.206490488528482e-17,1.6575832564858424e-18,1.0
-4.2102734108522007e-16,4.3316753052898616e-16,0.5213373132281724,1.9814750275309683e-17,-2.726350023400248e-17,1.6966271250121585e-18,1.0
-4.379952793313915e-16,4.721250532647635e-16,0.5319382684441567,3.7886167165698785e-17,-2.5297532503423336e-17,1.6800495382905118e-18,1.0
-4.3310480594368275e-16,5.483352706935085e-16,0.5296040603469143,1.4810741545406478e-17,-1.4044748065446167e-17,1.6679880763854962e-18,1.0
-4.450635880126867e-16,5.98037179171121e-16,0.5275172424800693,1.1157973145594447e-17,-1.725010206877238e-17,1.660661148338417e-18,1.0
-4.712165801513404e-16,6.080232559033374e-16,0.5277946246519718,1.6068539307130792e-17,-2.8311654091504063e-17,1.676804336313745e-18,1.0
-5.35193095336458e-16,6.277739831723704e-16,0.5280221510997812,1.0992318171905789e-17,-3.615267603838013e-17,1.708512607391633e-18,1.0
-5.842643179714525e-16,6.714392507082524e-16,0.5278267907138436,6.582801051934913e-18,-3.2609600558666565e-17,1.6954016296987583e-18,1.0
-5.791177085960706e-16,7.150751099752263e-16,0.5276522536758252,-2.9708646535127918e-18,-2.1249606930231656e-17,1.7202767735039152e-18,1.0
-5.015540307188646e-16,7.636273684589854e-16,0.5275637040956063,5.297982082368742e-18,-2.178714560839725e-17,1.7234871585963016e-18,1.0
-5.667851706055684e-16,7.974284568279629e-16,0.5274789320580151,-4.894991800449071e-18,-4.2662878774159585e-17,1.7544317828861744e-18,1.0
-6.643097893626189e-16,8.139831021029358e-16,0.5273859445423464,-1.4393140094721237e-19,-3.686209775090608e-17,1.7318628242646152e-18,1.0
-7.044029243650868e-16,7.632192933211337e-16,0.5272993925220897,1.0852605993249155e-17,-3.69504938073613e-17,1.7305227127455696e-18,1.0
-7.178997884437896e-16,7.991585402099366e-16,0.5272209388098925,-2.5410614231463047e-18,-3.32912127255258e-17,1.7144687789231324e-18,1.0
-7.213881682689342e-16,8.74284945368423e-16,0.5271474615552811,-1.2810118048603033e-17,-4.105327894610104e-17,1.69696527618049e-18,1.0
-7.268961266145969e-16,9.014254331486943e-16,0.5270782739315081,2.4763137452579517e-18,-3.825093460653779e-17,1.7108741888919334e-18,1.0
-7.286506468782892e-16,8.730414771794741e-16,0.5270135790186069,9.721103411069466e-18,-5.01107406320142e-17,1.7193641310428699e-18,1.0
0.00025375627695338227,-6.119703877180624e-06,0.5263640365855315,1.6669143248001388e-06,7.198223473540042e-05,2.8219371827799886e-07,0.99999999740785
0.007362262378364793,1.1159907662732968e-05,0.5168985046992716,1.5720482421401385e-05,0.0006686604332531166,-0.00013503451387387146,0.9999997672058583
0.026159054831454236,-0.0007169367156906527,0.5048373869341939,9.24110758227534e-06,0.0008466131419796602,-0.00020502861108813198,0.9999996205619572
0.05244192061871464,-0.0015201408168820196,0.5009456016509554,-1.2834281109204068e-05,0.0005712723026543191,1.7789491949124357e-06,0.9999998367400224
0.07847300907505175,-0.0015654630700332412,0.506526429602223,-3.547829876195265e-05,-0.0001612074041919047,3.936355917956412e-05,0.9999999856019864
0.10049519494554755,-0.0009629356482085542,0.5140464846477001,-1.399982155114105e-05,-0.0005133996303529531,1.2072893953822148e-06,0.9999998681116751
0.1193811872046788,-0.0011132485106064476,0.5187066142344345,0.0001283115163857965,-0.0005279364522367986,-3.998660912718988e-05,0.9999998516101534
0.13778321162614182,-0.003613647542585653,0.5208277843170631,0.00022956797527094586,-0.0004952385380295011,-5.806445863121503e-05,0.9999998493329159
0.1573428714004592,-0.007631742062229456,0.5226236273980857,0.0001593762038560623,-0.0005509110135946415,-5.2482165222955404e-05,0.9999998341709382
0.1780046960086895,-0.011199160241259191,0.5252969491506378,3.594921334629185e-05,-0.0007047468274267507,-3.4086385097952264e-05,0.9999997504388101
0.19891970612073356,-0.013370334823011832,0.528652871697368,6.46601644310468e-06,-0.0008941162370919199,-2.7998984078545152e-05,0.9999995998651203
0.21932823188169476,-0.014516093631761299,0.5327901085609796,1.3956652561261197e-05,-0.0008690460162714562,-3.365784954348478e-05,0.9999996217156196
0.239595636927755,-0.015796243495846494,0.5377347803417015,0.00019541790031365057,-0.0011262095904780761,-8.796036398981015e-05,0.999999342863172
0.25899944020567583,-0.017319473794452367,0.5403740312314483,0.00015636077476230103,-0.0015567497418768833,-7.561569108256262e-05,0.999998773181156
0.2686946718136206,-0.017354025065625903,0.5381178936908715,0.0002590894786109481,-0.002073931169181114,9.10846004451514e-05,0.9999978116904777
0.26716799236499367,-0.01642205062448153,0.53447497458381,0.00037058205060905465,-0.002306040996312083,8.290436572012547e-05,0.9999972689816374
0.26181468121302476,-0.016279756083369724,0.5334905949181332,0.0004135911194880856,-0.001961353684748781,-3.8234895922123734e-05,0.9999979902840812
0.2585053627366512,-0.017207281798684877,0.5348060652363223,0.0003850081823736456,-0.001556127651335685,-9.028871771888321e-05,0.9999987110408591
0.25813391922547546,-0.018210775335168333,0.5358979275455568,0.000325211904298263,-0.0014375304656513816,-6.27201215822353e-05,0.9999989119041893
0.2591152068225553,-0.018490001533431524,0.5355026688692871,0.0003171713506007785,-0.0015251316200708693,-3.281064025626203e-05,0.9999987861489316
0.2599614034549592,-0.018097565750063792,0.5342131729145739,0.0003684214190856502,-0.0016283383966411652,1.3171927312403532e-05,0.9999986063021402
0.260335417449044,-0.01759682146751148,0.5344682663099738,-0.00041501772868037656,-0.00010631776003080155,-0.0001331858990689873,0.9999998993591618
0.25966286832984514,-0.01779502040721893,0.5469591994337193,0.0006957543937957382,0.0028173635805767623,-0.0001661738811453448,0.9999957753783358
0.2574793607861319,-0.021107220463849906,0.5672841785310395,0.0012116242589268488,0.0034122003331390734,-0.00018247851493041254,0.9999934277569685
0.2652744299285009,-0.025373254409264922,0.5628961630239855,0.0010085512989189984,0.0047092216062344155,-5.0119834028861195e-06,0.9999884029482652
0.28203492870466873,-0.027309265145410874,0.5445259364211023,0.0009531902955624711,0.005920636337537448,7.367826505548409e-06,0.9999820185580018
0.3034563933581208,-0.02805854956829106,0.5337572654235756,0.00084410971939859,0.006199945271672364,-0.00023268403274088952,0.9999803968156334
0.3262831467074352,-0.028275444866484707,0.5352052072149174,0.0007711857192513376,0.005475295366571323,-0.0002834358259415388,0.9999846729212242
0.3489074284039724,-0.02859459234345014,0.5406850730513917,0.0008107334735499496,0.00480269383302062,-0.0002596833140869464,0.9999881046331298
0.3706608509646069,-0.02947793070109242,0.5433592844530108,0.0008296141367437001,0.004318070025484561,-0.00027077493128901183,0.9999902962992079
0.39130378251956016,-0.03090588741545678,0.5424649342538691,0.0007673952625205485,0.0039021239865677975,-0.0002959747018745466,0.9999920484343273
0.4112071916858274,-0.032585228224493744,0.5405440639128204,0.0006714750973079487,0.0035193884840486,-0.0003134122440212466,0.9999935323784136
0.4310828352574775,-0.0342299538264957,0.5395717026938508,0.0005835034202845945,0.0031327548335083172,-0.00032699222278220204,0.9999948692103371
0.4513426868574725,-0.0357050742496651,0.5397289716592568,0.0005102791542188261,0.002695717044769678,-0.0003403445657233114,0.9999961784378858
0.4719225128201189,-0.03704673514721338,0.5402674635972952,0.0004471723667035484,0.002211757554266968,-0.0003533242732673531,0.9999973916602752
0.4925599776419267,-0.0383765026786335,0.5406059094160148,0.00038501806305084253,0.0017061511612365746,-0.0003657959070521807,0.9999984035000554
0.5130388761912663,-0.03977739943193099,0.5407104769545221,0.00031355777988979907,0.0011893289310430575,-0.0003777352981851568,0.9999991722467859
0.5333247730590559,-0.04125280350660606,0.5408161698662535,0.0002317650988719763,0.0006738879105584085,-0.00038880043738415967,0.9999996704970671
0.5535364122908859,-0.0427638629361345,0.5410759011085616,0.0001428939551997325,0.00016061231192764693,-0.0003987477361106214,0.9999998973926177
0.573741465574852,-0.04426846356524242,0.5415053813754835,4.696936077643394e-05,-0.0003708175543233192,-0.0004081534032601082,0.9999998468494982
0.5925280215234261,-0.045595986744701264,0.5421355334363055,-0.00020280496281238947,-0.001022848902283573,-0.00041840477503489584,0.9999993687936573
0.6015299002404261,-0.04633637067858077,0.5418102489957862,-0.00036707432718321927,-0.0017067035928203759,-0.0004174201588707897,0.9999983890885502
0.5994954335220889,-0.04640344464749976,0.5404813419830304,-0.00032963780329817237,-0.0017204197743356754,-0.0004114870887010569,0.9999983810852364
0.5935411288910049,-0.04591272372075773,0.5397497767776359,-0.00027294633158461815,-0.0011572305706814454,-0.0004152141854474667,0.9999992069571287
0.5899739848211089,-0.0452132373203326,0.5398890464719206,-0.00025259087736496504,-0.0008594608450487092,-0.0003693485189579265,0.9999995305531778
0.5900860159577936,-0.04489245557412981,0.5394460037421297,-0.00016192180296179684,-0.0008136621654411602,-0.00036620411366620966,0.9999995888147944
0.5919542512146055,-0.04507447752333901,0.537972814044179,-0.00017677371630758489,-0.0008232172645338264,-0.00039641048903095574,0.9999995669614635
0.5933784608617981,-0.04544629607106348,0.5363732377685747,-0.00021516610711481727,-0.0009168283844707192,-0.00039909587546612464,0.9999994769257348
0.5935755692436108,-0.045693046249851266,0.5353400637938143,-0.0002297069318457626,-0.0009539313923420266,-0.0003913639432891967,0.9999994420417888
0.5930067291759831,-0.04570344825046859,0.5348329108260693,-0.00022532589804915394,-0.0009048325382188881,-0.00038689707317801446,0.9999994904083563
0.5924184418364836,-0.04556988556003235,0.5344671295729602,-0.00021038031786022108,-0.0008339557077128393,-0.0003855901172742791,0.9999995557890321
0.5921930634204121,-0.045448193800295515,0.5339769314322471,-0.00019523065256295502,-0.0007892538282434141,-0.00038548092950280204,0.9999995951838376
0.5922807764070107,-0.04542293951092919,0.5333497146024466,-0.0001877108796035919,-0.0007754946374699933,-0.0003855089057878136,0.9999996073777109
0.5924526055677147,-0.045476777403966155,0.5327012578598376,-0.0001880331068828952,-0.0007744922520331012,-0.00038512304462851905,0.9999996082426946
0.5925423288702238,-0.0455451838391234,0.5321220417542776,-0.00019126157181683303,-0.0007688233624905501,-0.0003842805516407008,0.9999996123289776
0.5925236831144977,-0.0455816157030147,0.5316239120327033,-0.00019283958160078548,-0.0007528496978473229,-0.0003832684894112102,0.999999624567676
0.5924557713097787,-0.045582202692139966,0.5311723780542462,-0.000191646235410387,-0.0007307112306961048,-0.00038222165026726405,0.9999996416196502
0.5923982287154598,-0.04557060436811441,0.5307342069547462,-0.00018962000339886394,-0.0007095397667724623,-0.00038005739175600497,0.9999996580769186
0.5923314427286915,-0.04558879854971597,0.5302722017036919,-0.0001998472804604602,-0.0007161480604379441,-0.00035188459283670985,0.9999996616850698
0.5923429526783476,-0.045587932915941286,0.5298796876296648,-0.00016108188477360845,-0.0006433058944435603,-0.00044347522370990773,0.9999996817698882
0.5923229085266213,-0.04558062189584216,0.5310514642403261,0.000883962382761377,0.0010676847857942983,-0.00029593352346571366,0.9999989955410227
0.5921767841837913,-0.04550626758571794,0.5417990714348363,0.0003271938838244646,0.0047031832167015635,-0.00026987033121041545,0.9999888500287383
0.5909334614493451,-0.04216310073049086,0.5611543692049697,-0.0013255515740963069,0.004864761632222534,-0.0003866346169028727,0.9999872136787346
0.5908587113776643,-0.03657127688114733,0.5710844708943792,-0.002210355692010496,0.004219877926807835,-0.0005415052929824636,0.9999885067989602
0.600123646946836,-0.032797593427512116,0.558989993198563,-0.0021630798870922595,0.005491263571788262,-0.0007727700374556305,0.9999822848112139
0.6162674792132852,-0.034431423974028805,0.5430347645308151,-0.002781694886523112,0.007561404666422403,-0.0009009585603621784,0.9999671372633712
0.6372768048314316,-0.03858867660838124,0.535684396061265,-0.0028758104630626394,0.0084102950456835,-0.0006924743128035384,0.9999602577756532
0.6606277507371675,-0.042699342221056175,0.5375802693362493,-0.002803500730189418,0.007708938119497704,-0.0005931258386708447,0.9999661798573314
0.6842103160283489,-0.04579043526910609,0.5416757695024167,-0.0028344127683815243,0.007029344640624914,-0.0005873169282703457,0.9999711043210234
0.706616205423457,-0.0478396501547393,0.5429467670480317,-0.0028138277230913243,0.006637176969556937,-0.0005671386263334769,0.9999738539627917
0.7273918306807465,-0.04930494313404041,0.5413513303144226,-0.002708527912109426,0.006384151974117774,-0.0005355350154868806,0.9999758095485948
0.7472066693225767,-0.05069800448812919,0.5390997100338275,-0.0025872139805812986,0.006195597961726823,-0.0005272094048193591,0.999977321212815
0.7670855107862228,-0.052268932705926,0.5377153430076326,-0.002493233549745209,0.00598624437130309,-0.0005125091248483851,0.9999788427757809
0.7875673330838387,-0.05401812385019215,0.5372629355763863,-0.002421855774942154,0.00570156271382878,-0.0004926150309991195,0.9999806918774269
0.8085045730592948,-0.055885645320417406,0.5371059157524629,-0.0023601299570235016,0.005351167748212266,-0.0004930010487157512,0.9999827757218038
0.8294735377804696,-0.0577245531328152,0.5367925336767598,-0.002305727763155431,0.004972870053029836,-0.00047577627809832293,0.9999848637953733
0.850200311441817,-0.05941407769003218,0.5363029548196927,-0.002244932401371978,0.00459090842936078,-0.00044953329734375146,0.9999868407924787
0.8706586676324047,-0.06102848489253871,0.5358084054849289,-0.0021732845736107767,0.004210137209525703,-0.00045060191049855846,0.9999886742042418
0.8909653838733911,-0.0625429903247818,0.5355379278946336,-0.002178070483616758,0.003711825834244708,-0.00039258410409484605,0.9999906620742337
0.9111575055730285,-0.06404949612849989,0.535815705098459,-0.0021405091532935025,0.003113588271637401,-0.0004373436404778603,0.9999927662334254
0.931521092869489,-0.06600885492340478,0.5356153992085979,-0.0018516678476183162,0.0030772353628035457,-0.0004783027408337157,0.9999934365660565
0.9524803391262782,-0.06768667754299262,0.5355756303355373,-0.0016810524224062143,0.0031688649580345445,-0.0004255509435298809,0.9999934756107288
0.9733278452763809,-0.0694740341541454,0.535684142066856,-0.001302275509302445,0.002455995497556894,-0.0004892402171196734,0.9999960163963773
0.9937038748082151,-0.07104331732577478,0.5350350240911319,-0.0015145463095116508,0.0019017211516428178,-0.00044437698085623794,0.999996946062955
1.014108298374429,-0.07244724940809469,0.5344196050755888,-0.0014288920978970325,0.001544981948079503,-0.00037159132404715554,0.9999977166064131
1.0348230064068684,-0.07389149128645096,0.534298608994269,-0.0012690420963592484,0.0011549464025522704,-0.0003695717870480372,0.9999984595226432
1.0553367182992037,-0.07530273044753384,0.5349927659394467,-0.001373006202310976,0.0009573972260959891,-0.0004530831879658514,0.9999984964789416
1.0756766905551929,-0.07681597690984532,0.5354352495091077,-0.0009169678054442431,0.0006819728152666296,-0.0004194982453670612,0.9999992590518975
1.0928892923252962,-0.07814702778339191,0.5348436411280034,-0.0006108404902982331,-0.00027741864694122187,9.324706021916316e-06,0.9999997749128945
1.0975878220905995,-0.07804625532754834,0.5343790049506804,-0.0009983929844563182,-0.0015200753506388039,-9.668688426059403e-05,0.9999983416156358
1.0931367149679512,-0.07749451220587701,0.5335937070400388,-0.0008153200458019004,-0.0009980329373537023,-0.0001615162370381876,0.999999156547637
1.0879384043694373,-0.07760816588315317,0.5333298063752138,-0.0006596621161025079,-0.0002864395461075892,-0.00010047383317332577,0.999999736351609
1.0861085230049172,-0.07827337496263874,0.5335033416843495,-0.0007188087436551491,-8.735663474773961e-05,-0.00015419923636690298,0.9999997259526644
1.086634893258477,-0.0783755147675445,0.534504499086061,-0.0018346663784440736,-0.001687087443952848,-3.155186774840983e-06,0.999996893857816
1.086651844840255,-0.07646115832308041,0.5391103481758674,-0.003857924531517783,-0.004570266451529053,0.00031657134745920364,0.9999820642718813
1.085549622966387,-0.07361732392961305,0.5439960887125026,-0.004785654284758052,-0.0059590550692599255,0.0005769466697790126,0.999970626722749
1.085034868378653,-0.07231069266400077,0.5452327010742003,-0.004402536622902262,-0.0058465552600057355,0.0005925570161569917,0.9999730418061574
1.084026371451552,-0.07556105077471094,0.5496370890866007,-0.000698333345783977,-0.006198354884991059,0.0009334541314862192,0.9999801104975257
1.0808909591519849,-0.08199782019243357,0.5576396899104407,0.002144432147270715,-0.00614284165198861,0.0016426936829382795,0.999977483978849
1.075602984786832,-0.08791586884261056,0.5640136582337908,0.002810390491728779,-0.005636680619891644,0.0022729643522410962,0.9999775813336659
1.0760134379894926,-0.09122366826120258,0.561991925072547,0.0024492947073090914,-0.0031219235919262315,0.0028189946547693043,0.9999881538386637
1.088490967937006,-0.09480125165331381,0.548913405243365,0.002199760945367319,-0.0022803370088158295,0.0033365112284053627,0.9999894143478384
1.1103796176723988,-0.09579848998649494,0.5382642026128046,0.0025180134390103523,-0.0034559073122376483,0.004257436878003965,0.9999817951063914
1.1382762851844141,-0.09521959259257555,0.5354369364730337,0.0022322058898630987,-0.004225543882856512,0.0048927732095744745,0.9999766111295195
1.1661825709345812,-0.09405586181185438,0.5386977417906171,0.0020974478690270956,-0.0038758511243750264,0.0045703111705967655,0.9999798451700432
1.1909221145418767,-0.09357498214807851,0.5419699922044822,0.0021516491970246187,-0.00357338058474168,0.004350520808907617,0.9999818369978634
1.2123753617103588,-0.09419033114354204,0.5422684390628071,0.0019442969785809492,-0.003254281170700683,0.004406977925862672,0.9999831038117009
1.2321884030827455,-0.09547524124412304,0.5406703599005616,0.0015485587610268971,-0.0028237687593189995,0.004537623350786498,0.9999845190152118
1.2521926434602089,-0.09678240377412499,0.5392505129499122,0.0011644375895709194,-0.00239618250183563,0.004639084917001563,0.9999856905404455
1.2732222069016974,-0.09775677780705659,0.538846374679396,0.000877116595320269,-0.0020518366789156655,0.004706857706696563,0.9999864329695932
1.2950748475973144,-0.09845694050332181,0.5390348896548818,0.0006671153732853952,-0.001759333192443662,0.004736943113655685,0.9999870104525027
1.3171706548220095,-0.09915025028232256,0.5391297957461608,0.0004657004345028931,-0.0014724326090715945,0.004743643845436076,0.9999875563767706
1.3390211614657945,-0.09999685931668621,0.5389041107110008,0.000238102000280443,-0.0011838478672184028,0.004762457738999772,0.9999879303311361
1.3605051447204322,-0.10099271362223755,0.538523847847604,-8.005781177215315e-06,-0.0008828385603206633,0.004795534091391836,0.9999881116217137
1.3818020327074867,-0.10204623840491031,0.5381874162663146,-0.0002586614817213622,-0.0005802659997168332,0.004832544999327367,0.999988121376667
1.4030817257089794,-0.10306982732634298,0.5379593639964944,-0.000509834162357973,-0.0002882212512145931,0.004864716396429185,0.9999879956939586
1.4244159802051128,-0.10404658034721329,0.5377776181877222,-0.0007531320765520835,6.5255000551463405e-06,0.004893678053794716,0.9999877422571732
1.445820052644149,-0.10501115987202635,0.5375553753204592,-0.00099812775860083,0.0003022976087034889,0.004921574022275782,0.9999873451530658
1.4671224877616753,-0.10595855400249347,0.5373931295659938,-0.0013182480649819078,0.0005477628267170346,0.004909386370017243,0.999986929966284
1.488292082068159,-0.10698005754600086,0.5378663981785036,-0.0014632304560008736,0.0010577939480844434,0.004970847191266645,0.9999860152556118
1.5099737902370103,-0.10797582281805129,0.5378713821723261,-0.0018161123221905064,0.0014034270638319287,0.005092676869432916,0.9999843982636992
1.53180690405618,-0.10880945264504424,0.5367653097581654,-0.0021517156992072618,0.0015698656143584748,0.005102724088815066,0.9999834337869677
1.5535986561113595,-0.10980957168988573,0.5357955297233004,-0.00224007798809608,0.002033390147546161,0.005118653958142599,0.9999823232221514
1.5751610933340177,-0.11114734917290293,0.5356258339481902,-0.002467738921462706,0.0023239666266547795,0.005140751986869199,0.9999810408766484
1.5963052959301292,-0.11239972606944593,0.5355950675851798,-0.002675141410876293,0.002163735257114598,0.0050849663157853916,0.9999811523152506
1.6119374346981306,-0.1138034468704198,0.5343882546636319,-0.002794911396416674,0.0016499403688172612,0.004677185195535283,0.9999837949215542
1.6159724725957543,-0.11462778858395727,0.5313859074721711,-0.003356062927325436,0.0018251819846446227,0.004399732511728647,0.9999830238089926
1.6125701023133903,-0.11431471071119306,0.5298964985511502,-0.003593633202516289,0.0021237574758177437,0.0046029339935498795,0.9999806940402601
1.6081398280243264,-0.11322497146491699,0.5309895312137025,-0.00349550764043442,0.0024051554467820102,0.004883780361174772,0.9999790724525172
1.605998422488281,-0.11215537420375617,0.5328113410541547,-0.0033382684466103383,0.002600979803683103,0.004977456112627604,0.9999786576714951
1.6061868657304372,-0.11166742057108185,0.5334436616528904,-0.003312822711019615,0.0027025111697505837,0.004926480481174066,0.9999787254882624
1.6074065468002932,-0.11176426559049452,0.5326680155154814,-0.0034435508791177283,0.002768679539172942,0.004844815608840704,0.9999785018352484
1.6085297160666696,-0.11207565339264809,0.5314485390529285,-0.00363744822249986,0.0028418803732594413,0.0047883661408181025,0.9999778818734314
1.609077890306663,-0.11224277091075141,0.5306537473196667,-0.00379339710111405,0.0029276194013625892,0.0047629736057910365,0.999977176372294
1.609097055984156,-0.11214745285276029,0.5304531019461359,-0.003875998114892287,0.003020406541736763,0.004757704770025994,0.9999766087405533
1.6077821285311684,-0.11215557797396809,0.5320355069200144,-0.0035702524230475266,0.0013834905627597173,0.004807529964683449,0.999981113275215
1.599828469060531,-0.11050036831715557,0.5438104093015927,-0.005398528155942381,-0.0014817825580841558,0.0044382506910011,0.9999744807468863
1.5902646406813934,-0.10545263040980662,0.5637591276888593,-0.0048505230140258055,-0.0006817287184431094,0.00452317179550968,0.9999777740476798
1.5774646439311288,-0.09820375593843753,0.5879744969347622,-0.0042412001329067035,-0.0006620018788999103,0.004739847112752086,0.9999795537031202
1.5640899945173976,-0.09297706317571189,0.6149189837195976,-0.004109427287583342,-0.0012187547611459053,0.0044682294619610334,0.9999808309011106
1.5553520931238962,-0.09135194997971727,0.6426645836336117,-0.004907585164094117,-0.002547220997835248,0.003906501296711618,0.9999770829977385
1.5626992065030685,-0.0929734727029455,0.6507665972991588,-0.005523868463069681,-0.0018835505364653404,0.004490903479972497,0.9999728850826474
1.5867639044152062,-0.09684401929246579,0.6467051196617155,-0.005015037519626804,-0.0013507322172263355,0.004695348774775232,0.999975489010124
1.6164126490839759,-0.10123287008360514,0.6422750889303813,-0.004985399269450603,-0.0015510322381985164,0.0047204699129530505,0.9999752283216422
1.642315554968168,-0.10529963025245555,0.6425283638561957,-0.005088819765428017,-0.0019856412555996398,0.0046656596893630865,0.9999741960480094
1.6629728753767898,-0.10835746719642289,0.6452593777940362,-0.004808391195565134,-0.0019534079546659104,0.004720035540929016,0.9999753921152094
1.6819992923057552,-0.1099106752702096,0.6467014165850477,-0.0043802866880808386,-0.0016486286299729888,0.004850600500473101,0.9999772831354499
1.701603237282169,-0.11083553808987955,0.6465093988392165,-0.004012697376988821,-0.001408140077108014,0.0048795778952842985,0.9999790523410219
1.7223128429298604,-0.11200395828547127,0.6459418543160107,-0.003746287780876105,-0.0011967581595937003,0.004850884854105986,0.9999805008168421
1.736736653142536,-0.11110859208363436,0.6453136664513784,-0.0025107267893079415,0.0008257902320113179,0.0029043022262775554,0.9999922896453058
1.7432354631607863,-0.10753721789938113,0.6424717499994057,-0.0004250683907059273,0.003769401524630366,0.0008572555562564913,0.9999924379923686
1.7482884139166963,-0.10387486534735228,0.6375025397876444,0.0012860212309473654,0.0062018449035209765,-0.0011703580419597827,0.9999792565504755
1.7525701103774782,-0.09946875139025078,0.6293062073278621,0.002618577717426409,0.007986256138836717,-0.0036346814566155755,0.9999580750483149
1.756111580665214,-0.0942493438988342,0.6196702622390087,0.0037620287018643927,0.00945433251819059,-0.00650673285150707,0.9999270599220133
1.7591064046553,-0.0889419375459987,0.6102543192820246,0.005068133182719468,0.01104602048116317,-0.009684269468246479,0.9998792499009265
1.7626552201517165,-0.08448329883283254,0.6037123125067638,0.005599593679121918,0.011756867934571943,-0.012896310846819487,0.9998320387812843
1.7679030711556618,-0.08077613803869266,0.601885966719305,0.0052268180279117435,0.01172918188913763,-0.0158873565292637,0.999791327511909
1.7738132799871422,-0.07756097638314079,0.6025478199312652,0.005081211322337269,0.011834584576985352,-0.018966733018863032,0.9997371589262736
1.7781691410491212,-0.07459662569746509,0.6035105187351565,0.005282352558253292,0.012038674467744565,-0.022102927127667416,0.9996692591456935
1.7792917467759666,-0.07098740310744822,0.6043992050353554,0.005765980430844378,0.0124868083763913,-0.025265672777489076,0.999586153798333
1.7767875170230585,-0.06644239738513143,0.6039775154383862,0.006860315788117914,0.012313091620415,-0.028391965633868137,0.9994974838034767
1.772547532379632,-0.06123481228215961,0.6021422219342558,0.007443752051508631,0.01229350010494137,-0.03144835161430475,0.9994020520247638
1.7688744964458634,-0.054888077041607954,0.5994083579125453,0.0076719049607558345,0.012598532641021877,-0.034814019889494195,0.999284945783084
1.7668181375908822,-0.047451109020494646,0.5973642546320046,0.008010230280003068,0.012986420882459371,-0.038553000308663765,0.9991400578751339
1.765494145700831,-0.039216286925369374,0.5966207023430582,0.00851128093883623,0.0135215780735072,-0.0425745792724567,0.9989655300474365
1.7627369879077923,-0.03036867789172494,0.5958624911325435,0.00897794013541973,0.01407027430652602,-0.04626606440267284,0.9987897052215506
1.7553818570088175,-0.023341895775846222,0.594737431879031,0.009576113231734358,0.014761124287184681,-0.048762238619992564,0.9986554217295963
1.7452469524357244,-0.018662874136943695,0.5927987513710152,0.010175354393005827,0.015256533345578204,-0.050230670576865866,0.9985692665442141
1.7331376741902864,-0.012926607727202883,0.5909024738895408,0.010775814979746754,0.01573952760894904,-0.05147979135277936,0.9984918528282762
1.719305687350888,-0.003320073457328048,0.5886233358476557,0.011739702717660694,0.016185195687320974,-0.05307654806388114,0.9983902537917158
1.704683298738921,0.009796639756294885,0.5858397715804897,0.012634063247717806,0.016765606624689903,-0.05506569449527817,0.9982620218009451
1.6887121853594864,0.025852955776655265,0.5817894607030051,0.013595397463772509,0.017219664718296133,-0.057500163671294076,0.9981043930834916
1.6718635724121427,0.04323679984075183,0.5767781745750845,0.01451629860663436,0.017784113718738614,-0.05988151741498793,0.9979414843797606
1.6551177279216325,0.060451562802491574,0.5720382838119499,0.015829076123067456,0.01830467435690277,-0.06238559301729032,0.9977586967948009
1.6380643387626515,0.07671030874735943,0.5687428301074858,0.016490277133450748,0.018674636189499685,-0.06520449362337974,0.9975608767060642
1.6186306063701419,0.09329585470445603,0.5669834529814927,0.017039979527734537,0.01953994881339692,-0.06862887681145445,0.9973053227400639
1.5963811213067431,0.11155970124978859,0.5657904760850403,0.017755271426323944,0.02051237545914915,-0.07204867097149935,0.9970320866455805
1.571639288650172,0.13147400649005214,0.5641662652867022,0.019227586570265378,0.021224162829238356,-0.07559327764621274,0.9967273906146971
1.5458969693630047,0.15241540879024978,0.5608252428147261,0.020038197666367507,0.022339366360153535,-0.07897392004630889,0.9964248809104622
1.5204595547324482,0.17405564775156915,0.5558041902191012,0.021066264608195714,0.023349211111398985,-0.08282471572233341,0.9960678156136994
1.4943728538292451,0.19381641189356105,0.5544237044568636,0.025951467250440046,0.022917000969328232,-0.08542757391890844,0.9957426685788106
1.4657620621394978,0.20781446325775357,0.5567281878723487,0.028911030824882885,0.022363033471707556,-0.08814524728487168,0.9954368198995224
1.4370371478547903,0.22382833201917274,0.5547938563648059,0.028006072241876904,0.024595072917079765,-0.09128891058584178,0.9951266638523142
1.407294644420643,0.24354916871467008,0.5520763266346731,0.03117375046933361,0.02529434874895638,-0.09440593124614975,0.9947240387909551
1.3798897529386607,0.2586207976167718,0.5502365984751864,0.03160479242479589,0.0213868322414679,-0.09679266091228451,0.9945727330346339
1.3944795418131368,0.2326269263897731,0.5826809918377767,0.010603629360338871,-0.006938199649897168,-0.08789975909799938,0.9960487220917061
1.4174219780475081,0.20304413220655193,0.6266875973959589,-0.00010258399515861718,-0.010266350233640031,-0.08648580186347525,0.9962001794847436
1.4398187508647016,0.18330882976934162,0.6477746933636409,0.0008614809579614009,-0.0037555581035972124,-0.08876434817545724,0.9960452018492307
1.4571435267064707,0.17238236578033064,0.6519675084969749,0.00503962181266483,-0.0016110207168473678,-0.08725872051263865,0.9961716330626629
1.4627994585509707,0.1672697326487543,0.6550722262803543,0.008751542203784605,-0.00215346350560142,-0.08653329334643937,0.996208192220183
1.4583073601283914,0.16301988975253714,0.6633285407203239,0.011739767781834692,-0.0029147305897459764,-0.08672736836944821,0.9961586448822938
1.4486814224271816,0.15535317486625855,0.6753031916349613,0.013666615142663157,-0.004266517639987328,-0.08785205786613742,0.9960306402849537
1.4376986430165841,0.14092840735836376,0.6892818373301032,0.014666028198663552,-0.006591373791547685,-0.09064529124871784,0.995753429611393
1.4296933419525284,0.12524961329762638,0.702381006725405,0.01351599650119863,-0.010819132613494223,-0.09296299698771587,0.9955190331676907
1.428765457107331,0.12048709804100155,0.7016558887033528,0.008525393104897363,-0.009873965941132615,-0.09451726386689581,0.9954377475764704
